Date,Open,High,Low,Close,Volume,Sector Symbol,Sector Long Name
9/2/2021,48.1300,49.2900,48.1300,48.9000,30821648,XLE,Energy
9/3/2021,48.8000,49.1600,48.3904,48.6200,19583983,XLE,Energy
9/7/2021,48.3900,48.9950,48.1500,48.3300,21240800,XLE,Energy
9/8/2021,48.6000,48.9200,47.6800,47.7100,21899152,XLE,Energy
9/9/2021,47.3900,48.5600,47.1350,47.8100,25264757,XLE,Energy
9/10/2021,48.5500,48.6500,47.6400,47.7900,18756543,XLE,Energy
9/13/2021,48.4100,49.4905,48.4100,49.1600,34249834,XLE,Energy
9/14/2021,49.6000,49.6890,48.2350,48.4500,29467876,XLE,Energy
9/15/2021,49.1400,50.3000,49.0600,50.2600,38347479,XLE,Energy
9/16/2021,50.2100,50.2200,49.4150,49.6900,30321859,XLE,Energy
9/17/2021,49.4400,50.2200,49.1910,49.3200,32229525,XLE,Energy
9/20/2021,47.5500,47.8100,46.4700,47.2400,42830011,XLE,Energy
9/21/2021,47.8000,48.0500,46.8500,47.3500,25661747,XLE,Energy
9/22/2021,48.1500,49.3800,48.1500,48.8100,39626065,XLE,Energy
9/23/2021,49.0800,50.6700,48.8500,50.5200,24867147,XLE,Energy
9/24/2021,50.2500,51.1600,50.1500,50.9000,27751526,XLE,Energy
9/27/2021,52.0200,52.9200,51.9500,52.7100,40848684,XLE,Energy
9/28/2021,53.2100,53.8300,52.7700,52.8900,66487649,XLE,Energy
9/29/2021,52.8400,53.2200,52.1900,52.8900,34947178,XLE,Energy
9/30/2021,52.7400,53.0300,52.0900,52.0900,44599415,XLE,Energy
10/1/2021,52.4700,53.8900,52.4700,53.8400,41656005,XLE,Energy
10/4/2021,54.4150,55.3150,54.1650,54.7200,57407887,XLE,Energy
10/5/2021,55.5000,56.0500,54.4650,55.0400,49014807,XLE,Energy
10/6/2021,54.1300,54.7550,53.5000,54.4600,50087432,XLE,Energy
10/7/2021,54.6000,55.1800,54.3300,54.8800,38798075,XLE,Energy
10/8/2021,55.4600,56.7000,55.3300,56.5700,43100213,XLE,Energy
10/11/2021,57.4200,57.5900,56.3050,56.3600,43010749,XLE,Energy
10/12/2021,56.2500,56.9520,56.0210,56.4100,35519131,XLE,Energy
10/13/2021,56.0000,56.6500,55.3700,56.3600,28951265,XLE,Energy
10/14/2021,57.0000,57.2900,56.4800,57.0500,23396112,XLE,Energy
10/15/2021,57.6900,57.9100,57.3000,57.3300,22677414,XLE,Energy
10/18/2021,57.8900,58.2100,57.0500,57.3700,32628772,XLE,Energy
10/19/2021,57.6100,58.2200,57.2950,58.0200,22276253,XLE,Energy
10/20/2021,57.5800,58.5000,57.3500,58.4900,25106257,XLE,Energy
10/21/2021,58.0400,58.2500,56.9401,57.4100,32120878,XLE,Energy
10/22/2021,57.6200,57.9950,57.0750,57.9500,21502534,XLE,Energy
10/25/2021,58.6600,59.1200,58.3500,58.8000,25056090,XLE,Energy
10/26/2021,59.0000,59.4100,58.7796,59.1400,22751590,XLE,Energy
10/27/2021,58.5000,58.8200,57.3100,57.4400,34003784,XLE,Energy
10/28/2021,57.1300,57.8950,57.1200,57.8500,23367503,XLE,Energy
10/29/2021,58.1400,58.2700,57.2300,57.4700,21998929,XLE,Energy
11/1/2021,58.0400,58.6200,57.8800,58.4600,24514680,XLE,Energy
11/2/2021,58.1200,58.5700,57.7200,57.9100,16987428,XLE,Energy
11/3/2021,57.2100,58.0300,56.9700,57.4300,23337358,XLE,Energy
11/4/2021,58.2800,58.4300,56.9900,57.5100,38181610,XLE,Energy
11/5/2021,58.3000,58.5200,57.7750,58.2600,22603513,XLE,Energy
11/8/2021,58.7500,59.4000,58.4650,58.7900,20011158,XLE,Energy
11/9/2021,58.8600,59.0450,58.0200,59.0300,19468699,XLE,Energy
11/10/2021,58.7800,58.9700,57.1250,57.4700,36016457,XLE,Energy
11/11/2021,57.5100,58.0800,57.5100,57.6900,24498285,XLE,Energy
11/12/2021,57.4500,57.7800,57.2000,57.5500,17037345,XLE,Energy
11/15/2021,57.5000,58.3650,57.0100,58.0300,21375656,XLE,Energy
11/16/2021,58.2000,58.5900,57.8400,58.1200,20479415,XLE,Energy
11/17/2021,57.5500,58.3800,57.0300,57.2300,23669489,XLE,Energy
11/18/2021,57.1000,57.5450,56.2000,56.8900,28955461,XLE,Energy
11/19/2021,55.6600,55.8100,54.5500,54.6700,45689812,XLE,Energy
11/22/2021,54.5900,56.4800,54.5800,55.6400,33897329,XLE,Energy
11/23/2021,56.3700,57.5400,56.3200,57.3500,33863649,XLE,Energy
11/24/2021,57.0500,58.2400,56.9725,57.9100,21434324,XLE,Energy
11/26/2021,55.0400,55.7600,54.1400,55.5800,44727231,XLE,Energy
11/29/2021,56.7900,57.3600,55.7200,55.9000,35441220,XLE,Energy
11/30/2021,54.8500,55.6800,54.3200,54.5900,46261967,XLE,Energy
12/1/2021,55.8700,56.3800,53.9800,54.0100,44799676,XLE,Energy
12/2/2021,54.0400,55.7800,53.4000,55.5800,50371910,XLE,Energy
12/3/2021,56.3300,56.5800,54.6100,55.1400,37940112,XLE,Energy
12/6/2021,55.9900,56.6200,55.3000,55.9600,31969547,XLE,Energy
12/7/2021,56.7400,57.8100,56.6700,57.2700,36843346,XLE,Energy
12/8/2021,57.5900,57.8700,57.1400,57.2600,23514986,XLE,Energy
12/9/2021,56.9000,57.0500,56.4700,56.8200,23399407,XLE,Energy
12/10/2021,57.4300,57.4700,56.2201,57.2400,19525626,XLE,Energy
12/13/2021,56.7300,56.9000,55.3800,55.6500,28603968,XLE,Energy
12/14/2021,55.3100,56.2702,55.2300,55.4200,28798849,XLE,Energy
12/15/2021,55.3400,55.4750,53.9200,55.1500,33858091,XLE,Energy
12/16/2021,55.6300,56.6350,55.4100,55.5000,26865904,XLE,Energy
12/17/2021,55.1000,55.3500,53.8800,54.3700,34834574,XLE,Energy
12/20/2021,52.2300,53.0500,51.6600,53.0100,36330793,XLE,Energy
12/21/2021,53.5500,54.7150,53.5300,54.5200,25159686,XLE,Energy
12/22/2021,54.5800,55.2400,53.9200,54.8700,21103076,XLE,Energy
12/23/2021,55.1100,55.6600,54.8800,54.9000,16685276,XLE,Energy
12/27/2021,54.7200,56.1500,54.2600,56.1000,21742156,XLE,Energy
12/28/2021,56.2400,56.6080,55.7500,56.0600,17940733,XLE,Energy
12/29/2021,55.9700,56.2400,55.4300,55.7000,15109066,XLE,Energy
12/30/2021,55.7200,56.1600,55.3100,55.3600,13589987,XLE,Energy
12/31/2021,55.2200,55.7850,55.1300,55.5000,13214428,XLE,Energy
1/3/2022,55.5800,57.3100,55.5500,57.2200,32527141,XLE,Energy
1/4/2022,58.0000,59.4300,57.8100,59.2000,39978797,XLE,Energy
1/5/2022,59.7800,60.4400,59.1000,59.1900,45402016,XLE,Energy
1/6/2022,60.5800,60.8450,59.6600,60.5100,37340673,XLE,Energy
1/7/2022,60.7400,61.5000,60.3200,61.3400,35584587,XLE,Energy
1/10/2022,61.4800,61.6000,60.3506,61.1500,33236482,XLE,Energy
1/11/2022,61.6800,63.3400,61.1601,63.2300,38273895,XLE,Energy
1/12/2022,63.5700,63.7350,62.8900,63.3500,30248350,XLE,Energy
1/13/2022,63.3500,63.8600,62.7700,63.0300,29776988,XLE,Energy
1/14/2022,63.0900,64.6150,63.0500,64.5100,32400471,XLE,Energy
1/18/2022,65.2000,65.5300,63.7800,64.7700,40830082,XLE,Energy
1/19/2022,65.2700,65.3400,63.7900,64.3000,32627133,XLE,Energy
1/20/2022,63.8800,65.4200,63.5800,63.7100,41990402,XLE,Energy
1/21/2022,62.9900,63.3900,61.7850,62.4500,57269777,XLE,Energy
1/24/2022,60.9700,63.0900,59.8400,62.8700,62294641,XLE,Energy
1/25/2022,62.6300,65.5500,61.4700,65.3100,59121420,XLE,Energy
9/2/2021,48.5799,48.7300,48.1400,48.7300,6576120,XLRE,Real Estate
9/3/2021,48.5800,48.8050,48.1550,48.7300,5537967,XLRE,Real Estate
9/7/2021,48.5500,48.6000,47.7336,48.1900,7162299,XLRE,Real Estate
9/8/2021,48.0100,48.6300,47.9100,48.4800,6704460,XLRE,Real Estate
9/9/2021,48.2100,48.2600,47.4400,47.4500,4573300,XLRE,Real Estate
9/10/2021,47.5000,47.5200,46.8300,46.8500,6203577,XLRE,Real Estate
9/13/2021,47.3300,47.5050,46.9110,47.1100,5495203,XLRE,Real Estate
9/14/2021,47.3300,47.3900,46.7700,47.0100,5234603,XLRE,Real Estate
9/15/2021,47.1100,47.4400,46.8300,47.1900,4885917,XLRE,Real Estate
9/16/2021,47.1900,47.4790,46.8500,47.2800,4612937,XLRE,Real Estate
9/17/2021,47.0200,47.3300,46.7731,46.8500,8711761,XLRE,Real Estate
9/20/2021,46.0700,46.6150,45.7201,46.2700,13017852,XLRE,Real Estate
9/21/2021,46.4600,46.8300,46.2600,46.2800,6982623,XLRE,Real Estate
9/22/2021,46.6000,46.9300,46.3500,46.6700,6432412,XLRE,Real Estate
9/23/2021,46.7800,46.9200,46.3700,46.4400,4571524,XLRE,Real Estate
9/24/2021,46.3500,46.5200,45.7800,45.9100,5211766,XLRE,Real Estate
9/27/2021,45.8700,46.1400,45.1050,45.1500,6701102,XLRE,Real Estate
9/28/2021,44.8700,45.0800,44.5300,44.8800,12068990,XLRE,Real Estate
9/29/2021,45.0500,45.3800,45.0000,45.1700,5975953,XLRE,Real Estate
9/30/2021,45.3800,45.3950,44.4500,44.4500,6342879,XLRE,Real Estate
10/1/2021,44.7400,45.2500,44.4000,44.9300,8294802,XLRE,Real Estate
10/4/2021,44.8400,45.1600,44.6500,44.9800,10456445,XLRE,Real Estate
10/5/2021,45.0600,45.0600,44.4300,44.6300,5480520,XLRE,Real Estate
10/6/2021,44.4600,45.1001,43.9500,45.0600,8996456,XLRE,Real Estate
10/7/2021,45.3000,45.7200,45.0500,45.1100,7269898,XLRE,Real Estate
10/8/2021,45.1100,45.1700,44.5500,44.6200,5464425,XLRE,Real Estate
10/11/2021,44.6000,44.8757,44.3400,44.6800,4151946,XLRE,Real Estate
10/12/2021,44.7500,45.4800,44.6600,45.2800,5663256,XLRE,Real Estate
10/13/2021,45.2000,45.5900,44.8526,45.5400,9279245,XLRE,Real Estate
10/14/2021,45.8200,46.2350,45.7100,46.1800,4392542,XLRE,Real Estate
10/15/2021,46.4800,46.6000,45.9200,46.2000,5210165,XLRE,Real Estate
10/18/2021,46.0300,46.4700,45.9300,46.2800,4251262,XLRE,Real Estate
10/19/2021,46.5200,46.7000,46.4100,46.4900,3509733,XLRE,Real Estate
10/20/2021,46.5800,47.2100,46.5100,47.2000,5596364,XLRE,Real Estate
10/21/2021,47.1800,47.3900,47.0250,47.3500,5528784,XLRE,Real Estate
10/22/2021,47.4900,47.7950,47.4100,47.6900,5378198,XLRE,Real Estate
10/25/2021,47.7300,47.9450,47.3550,47.8300,4933114,XLRE,Real Estate
10/26/2021,47.8900,48.2190,47.8300,48.0500,9546226,XLRE,Real Estate
10/27/2021,48.2900,48.3200,47.7000,47.7000,7158346,XLRE,Real Estate
10/28/2021,47.6900,48.4000,47.6720,48.4000,6690330,XLRE,Real Estate
10/29/2021,48.2200,48.3600,47.6100,47.8200,7925208,XLRE,Real Estate
11/1/2021,47.9400,48.0250,47.1450,47.9300,6759274,XLRE,Real Estate
11/2/2021,48.1701,48.5480,47.9200,48.3800,6617190,XLRE,Real Estate
11/3/2021,48.4400,48.7600,48.1600,48.6600,4814517,XLRE,Real Estate
11/4/2021,48.5800,48.7000,47.9100,48.1100,4620608,XLRE,Real Estate
11/5/2021,48.5800,48.8500,48.1383,48.2200,5731432,XLRE,Real Estate
11/8/2021,48.3600,48.4200,47.7700,48.2100,5791935,XLRE,Real Estate
11/9/2021,48.3100,48.4800,48.2000,48.3900,4409714,XLRE,Real Estate
11/10/2021,48.2400,48.5600,48.1450,48.1500,5063097,XLRE,Real Estate
11/11/2021,48.2100,48.2100,47.8100,48.1700,4191945,XLRE,Real Estate
11/12/2021,48.3300,48.3500,48.0100,48.1900,3902817,XLRE,Real Estate
11/15/2021,48.2100,48.4600,48.0100,48.4600,3591660,XLRE,Real Estate
11/16/2021,48.4900,48.5800,48.0650,48.1600,4936716,XLRE,Real Estate
11/17/2021,48.0600,48.5400,47.4600,48.4800,15340252,XLRE,Real Estate
11/18/2021,48.5300,48.5800,48.2500,48.4700,5484721,XLRE,Real Estate
11/19/2021,48.5200,48.5900,48.0900,48.2100,5099657,XLRE,Real Estate
11/22/2021,48.2200,48.4200,47.8500,47.9700,5416945,XLRE,Real Estate
11/23/2021,48.1200,48.6150,47.8950,48.4800,9784674,XLRE,Real Estate
11/24/2021,48.4700,49.1950,48.3400,49.1300,5086781,XLRE,Real Estate
11/26/2021,48.4700,48.5900,47.7300,47.8000,6829206,XLRE,Real Estate
11/29/2021,48.1700,48.7600,47.8086,48.4000,7173448,XLRE,Real Estate
11/30/2021,48.1800,48.3000,47.3700,47.3900,11022299,XLRE,Real Estate
12/1/2021,47.9000,48.4300,46.7400,46.7700,12299797,XLRE,Real Estate
12/2/2021,47.0900,48.3400,46.9800,48.0500,10097164,XLRE,Real Estate
12/3/2021,48.1100,48.3400,47.4000,47.8100,11826463,XLRE,Real Estate
12/6/2021,48.1600,48.9001,48.1400,48.5000,8711173,XLRE,Real Estate
12/7/2021,48.8800,49.4350,48.7600,49.3600,7763624,XLRE,Real Estate
12/8/2021,49.3600,49.7000,49.1900,49.5700,6931610,XLRE,Real Estate
12/9/2021,49.4600,49.4700,48.8950,48.9400,3572475,XLRE,Real Estate
12/10/2021,49.1400,49.2300,48.8817,49.1900,3683699,XLRE,Real Estate
12/13/2021,49.0500,50.0750,48.9800,49.8500,5105678,XLRE,Real Estate
12/14/2021,49.7400,49.8500,48.9300,49.3000,8920642,XLRE,Real Estate
12/15/2021,49.4600,50.1000,49.4100,50.0300,8196066,XLRE,Real Estate
12/16/2021,50.1400,50.5500,49.9050,50.2200,7161623,XLRE,Real Estate
12/17/2021,50.1701,50.6450,49.9800,50.0500,8626678,XLRE,Real Estate
12/20/2021,49.0500,49.5000,48.7700,49.3000,9760367,XLRE,Real Estate
12/21/2021,49.6400,49.8900,49.3750,49.5800,6024148,XLRE,Real Estate
12/22/2021,49.7300,50.1000,49.6750,50.0700,4529994,XLRE,Real Estate
12/23/2021,50.1700,50.1900,49.6300,49.9200,5264620,XLRE,Real Estate
12/27/2021,50.0600,50.9400,49.9600,50.9400,5183417,XLRE,Real Estate
12/28/2021,50.9400,51.1800,50.7700,51.1600,5593156,XLRE,Real Estate
12/29/2021,51.2600,51.6200,51.0200,51.4700,4404673,XLRE,Real Estate
12/30/2021,51.5200,51.8700,51.4400,51.7000,3665874,XLRE,Real Estate
12/31/2021,51.7200,52.1700,51.6600,51.8100,3974262,XLRE,Real Estate
1/3/2022,51.9800,51.9800,50.5500,51.3300,8441161,XLRE,Real Estate
1/4/2022,51.4700,51.6900,51.0800,51.1300,7440765,XLRE,Real Estate
1/5/2022,50.9600,50.9600,49.4400,49.4700,14980777,XLRE,Real Estate
1/6/2022,49.5100,49.6750,48.8800,49.5300,9807142,XLRE,Real Estate
1/7/2022,49.3700,49.5990,49.0400,49.2700,6141083,XLRE,Real Estate
1/10/2022,48.8500,48.9800,48.2500,48.9800,6870657,XLRE,Real Estate
1/11/2022,48.8800,48.9850,48.1750,48.9000,7206765,XLRE,Real Estate
1/12/2022,48.8400,49.3500,48.8400,49.0300,4686821,XLRE,Real Estate
1/13/2022,49.2000,49.3000,48.7756,48.8600,5481168,XLRE,Real Estate
1/14/2022,48.5800,48.6400,47.7300,48.2900,5737398,XLRE,Real Estate
1/18/2022,47.9900,48.1200,47.4800,47.9600,8947028,XLRE,Real Estate
1/19/2022,48.2100,48.5000,47.3400,47.3400,7152276,XLRE,Real Estate
1/20/2022,47.4300,48.0609,46.8700,46.9200,7586766,XLRE,Real Estate
1/21/2022,47.1500,47.4650,46.7750,46.8900,10920606,XLRE,Real Estate
1/24/2022,46.4700,47.0850,45.3531,46.9900,19972349,XLRE,Real Estate
1/25/2022,46.4300,47.2000,45.9900,46.8600,10908600,XLRE,Real Estate
9/2/2021,38.2700,38.4450,38.1600,38.3100,29616978,XLF,Finance
9/3/2021,38.2400,38.3200,37.9800,38.0700,34850458,XLF,Finance
9/7/2021,38.2000,38.2000,37.8400,37.8400,39221523,XLF,Finance
9/8/2021,37.7500,37.9300,37.5500,37.7500,32523852,XLF,Finance
9/9/2021,37.7000,38.2200,37.6700,37.8600,33421022,XLF,Finance
9/10/2021,38.0700,38.1100,37.5700,37.5800,39350451,XLF,Finance
9/13/2021,37.8500,38.0650,37.7400,38.0100,40357251,XLF,Finance
9/14/2021,38.1400,38.2800,37.3750,37.5000,45670619,XLF,Finance
9/15/2021,37.4800,37.9500,37.4400,37.8600,36371319,XLF,Finance
9/16/2021,38.0000,38.1900,37.5800,37.7500,42630193,XLF,Finance
9/17/2021,37.7000,37.9350,37.4800,37.5800,82987178,XLF,Finance
9/20/2021,36.5900,36.6850,36.0300,36.5500,95008836,XLF,Finance
9/21/2021,36.7800,36.9150,36.4100,36.5000,45837597,XLF,Finance
9/22/2021,36.9600,37.3700,36.8800,37.1100,58350790,XLF,Finance
9/23/2021,37.4700,38.2000,37.4100,38.0200,71804987,XLF,Finance
9/24/2021,37.9900,38.3550,37.9350,38.2200,48066072,XLF,Finance
9/27/2021,38.5600,38.8500,38.4900,38.7400,58794503,XLF,Finance
9/28/2021,38.7300,38.9200,38.0409,38.1000,96152675,XLF,Finance
9/29/2021,38.2200,38.3000,37.9500,38.1300,49882532,XLF,Finance
9/30/2021,38.3500,38.3600,37.5200,37.5300,73319263,XLF,Finance
10/1/2021,37.6300,38.4100,37.4900,38.1500,70443993,XLF,Finance
10/4/2021,38.0900,38.5900,37.7550,37.8200,69772684,XLF,Finance
10/5/2021,38.1000,38.7500,37.9550,38.5600,56058435,XLF,Finance
10/6/2021,38.2100,38.6300,37.9300,38.6000,63431067,XLF,Finance
10/7/2021,39.0000,39.2400,38.7800,38.8300,53295643,XLF,Finance
10/8/2021,38.8700,39.1557,38.6900,39.0200,38607472,XLF,Finance
10/11/2021,39.1100,39.4000,38.6100,38.6300,50748310,XLF,Finance
10/12/2021,38.5800,38.7650,38.4100,38.5100,58527656,XLF,Finance
10/13/2021,38.5000,38.5400,37.7400,38.2900,72113636,XLF,Finance
10/14/2021,38.7200,38.9400,38.3500,38.9300,51893515,XLF,Finance
10/15/2021,39.3100,39.7100,39.1800,39.5100,58411071,XLF,Finance
10/18/2021,39.4300,39.7499,39.3200,39.5200,56312728,XLF,Finance
10/19/2021,39.7000,39.9100,39.5500,39.9100,33082564,XLF,Finance
10/20/2021,39.8400,40.2300,39.7300,40.2300,44670214,XLF,Finance
10/21/2021,40.2200,40.3099,39.8550,40.0600,35067638,XLF,Finance
10/22/2021,40.2500,40.6879,40.2100,40.6200,41458194,XLF,Finance
10/25/2021,40.7200,40.7700,40.4650,40.5700,33120959,XLF,Finance
10/26/2021,40.6700,40.8600,40.5400,40.6000,41586934,XLF,Finance
10/27/2021,40.5000,40.6800,39.9200,39.9300,62449508,XLF,Finance
10/28/2021,40.0900,40.4400,40.0649,40.4200,44566648,XLF,Finance
10/29/2021,40.4700,40.5450,40.1800,40.2600,42091996,XLF,Finance
11/1/2021,40.5400,40.6300,40.1200,40.2800,36615691,XLF,Finance
11/2/2021,40.2700,40.5000,40.1600,40.3800,31213515,XLF,Finance
11/3/2021,40.2500,40.6800,40.1700,40.5300,42946753,XLF,Finance
11/4/2021,40.3800,40.4800,39.6900,40.0000,48279711,XLF,Finance
11/5/2021,40.3200,40.4900,39.8900,40.0200,57866347,XLF,Finance
11/8/2021,40.2700,40.5350,40.1410,40.2400,32864577,XLF,Finance
11/9/2021,40.0300,40.1550,39.7643,40.0200,48332649,XLF,Finance
11/10/2021,39.9800,40.2000,39.8500,39.9500,60695081,XLF,Finance
11/11/2021,40.0100,40.1900,39.8400,40.0600,31438902,XLF,Finance
11/12/2021,40.1200,40.1600,39.7900,40.1500,38992913,XLF,Finance
11/15/2021,40.2600,40.3600,40.0700,40.1500,30081055,XLF,Finance
11/16/2021,40.2000,40.3500,40.0000,40.1100,32599496,XLF,Finance
11/17/2021,40.0500,40.0500,39.5400,39.6500,53557211,XLF,Finance
11/18/2021,39.6900,39.7650,39.2650,39.4500,42995332,XLF,Finance
11/19/2021,39.1100,39.2500,38.7150,39.0200,71858073,XLF,Finance
11/22/2021,39.5400,39.9600,39.2200,39.5700,81965804,XLF,Finance
11/23/2021,39.8300,40.2200,39.6600,40.1900,61571249,XLF,Finance
11/24/2021,40.1100,40.2600,39.9450,40.1000,40410284,XLF,Finance
11/26/2021,38.8400,39.0050,38.3300,38.7700,76492188,XLF,Finance
11/29/2021,39.2200,39.3600,38.5950,38.8900,79316461,XLF,Finance
11/30/2021,38.4200,38.5800,37.9000,37.9600,121263739,XLF,Finance
12/1/2021,38.6300,38.8800,37.5400,37.5400,102020897,XLF,Finance
12/2/2021,37.8900,38.8657,37.7500,38.6600,98076428,XLF,Finance
12/3/2021,38.7100,38.8050,37.7250,38.0300,97178184,XLF,Finance
12/6/2021,38.6300,38.9800,38.3300,38.6100,69716619,XLF,Finance
12/7/2021,39.0600,39.4100,38.8700,39.3000,115475490,XLF,Finance
12/8/2021,39.3200,39.4800,38.9950,39.0900,53033223,XLF,Finance
12/9/2021,38.9000,39.2100,38.7600,39.0100,45521116,XLF,Finance
12/10/2021,39.2800,39.2900,38.8002,39.0500,38900921,XLF,Finance
12/13/2021,38.9600,38.9700,38.5000,38.6300,44343023,XLF,Finance
12/14/2021,38.5700,39.1500,38.5400,38.8600,51734388,XLF,Finance
12/15/2021,38.9600,39.0850,38.4800,38.9700,70424908,XLF,Finance
12/16/2021,39.4200,39.7400,39.2150,39.4600,71156600,XLF,Finance
12/17/2021,39.2000,39.2500,38.3500,38.5900,97801910,XLF,Finance
12/20/2021,37.8100,37.8600,37.2100,37.6600,85242261,XLF,Finance
12/21/2021,38.0400,38.6084,38.0400,38.4400,57667861,XLF,Finance
12/22/2021,38.3300,38.6500,38.2700,38.6200,49702741,XLF,Finance
12/23/2021,38.8400,39.1650,38.8000,38.8200,39057328,XLF,Finance
12/27/2021,38.9400,39.2200,38.7400,39.2200,36120273,XLF,Finance
12/28/2021,39.1500,39.4899,39.1400,39.2400,34055239,XLF,Finance
12/29/2021,39.3200,39.4300,39.1400,39.1900,27150504,XLF,Finance
12/30/2021,39.3100,39.5300,38.9954,39.1200,30089129,XLF,Finance
12/31/2021,39.0400,39.2450,38.9700,39.0500,26801852,XLF,Finance
1/3/2022,39.3400,39.6800,39.3200,39.5300,49884422,XLF,Finance
1/4/2022,39.9900,40.7000,39.9700,40.5700,74210177,XLF,Finance
1/5/2022,40.6900,40.9000,40.0700,40.1000,76288355,XLF,Finance
1/6/2022,40.5200,40.7200,40.1500,40.6900,57725155,XLF,Finance
1/7/2022,40.7800,41.2700,40.6350,41.1700,62185450,XLF,Finance
1/10/2022,41.4300,41.4600,40.6000,41.0300,73620239,XLF,Finance
1/11/2022,41.1800,41.4100,40.7950,41.3900,60526786,XLF,Finance
1/12/2022,41.5000,41.6550,41.2200,41.4200,51560590,XLF,Finance
1/13/2022,41.4800,41.6975,41.1150,41.2600,51659563,XLF,Finance
1/14/2022,40.6000,40.8650,40.3350,40.8300,81135462,XLF,Finance
1/18/2022,40.5600,40.6000,39.6700,39.9200,77218971,XLF,Finance
1/19/2022,40.2200,40.2450,39.2150,39.2500,77176093,XLF,Finance
1/20/2022,39.3600,39.8700,38.9200,39.0000,80314021,XLF,Finance
1/21/2022,38.8400,38.9500,38.0400,38.2000,117914259,XLF,Finance
1/24/2022,37.5400,38.3900,36.8200,38.3100,169203858,XLF,Finance
1/25/2022,37.8800,38.7500,37.2600,38.4700,97271626,XLF,Finance
9/2/2021,159.4900,159.7000,158.0900,158.7300,10885699,XLK,Technology
9/3/2021,158.5400,159.7800,158.4900,159.3600,10602400,XLK,Technology
9/7/2021,159.5500,159.7400,158.6450,159.4000,9862178,XLK,Technology
9/8/2021,159.3800,159.4300,157.6600,158.7900,5733152,XLK,Technology
9/9/2021,158.9000,159.4500,158.0600,158.1900,5580573,XLK,Technology
9/10/2021,159.0700,159.4600,156.4741,156.6300,8540107,XLK,Technology
9/13/2021,157.8200,158.2300,155.6500,156.6800,11318867,XLK,Technology
9/14/2021,157.3500,157.6700,156.0600,156.4800,9215775,XLK,Technology
9/15/2021,157.0100,157.9750,156.1300,157.8500,8169647,XLK,Technology
9/16/2021,157.2900,158.1000,156.3150,157.9400,8074251,XLK,Technology
9/17/2021,157.5300,157.5400,155.2500,155.4800,11331497,XLK,Technology
9/20/2021,152.9300,153.7100,150.3450,152.3800,17834652,XLK,Technology
9/21/2021,153.3100,153.6850,151.8500,152.4400,9227485,XLK,Technology
9/22/2021,153.2700,155.1300,152.5900,154.5300,13995333,XLK,Technology
9/23/2021,155.3300,156.9700,154.8500,156.6000,9767336,XLK,Technology
9/24/2021,155.6500,156.9700,155.5800,156.7100,5826250,XLK,Technology
9/27/2021,155.3900,155.7500,154.2000,155.1900,7507472,XLK,Technology
9/28/2021,153.2000,153.5500,150.4700,150.5900,19095344,XLK,Technology
9/29/2021,151.2100,152.0000,150.1400,150.4000,12505979,XLK,Technology
9/30/2021,151.2800,151.9300,149.2400,149.3200,16708259,XLK,Technology
10/1/2021,149.8600,151.9000,148.3400,151.5700,22741929,XLK,Technology
10/4/2021,150.7000,150.8750,146.8800,148.0600,25386520,XLK,Technology
10/5/2021,148.3600,151.0250,148.2200,150.1700,16483772,XLK,Technology
10/6/2021,148.4400,151.2600,147.9450,151.1500,20002378,XLK,Technology
10/7/2021,152.4600,153.7100,152.2500,152.5300,9947806,XLK,Technology
10/8/2021,153.1200,153.2300,151.7100,151.9600,9213492,XLK,Technology
10/11/2021,151.2800,153.1500,151.0150,151.1200,7485264,XLK,Technology
10/12/2021,151.7100,151.9000,150.0900,150.3400,8926658,XLK,Technology
10/13/2021,150.9900,151.5900,150.0100,151.2600,9761744,XLK,Technology
10/14/2021,152.8000,154.7400,152.5800,154.6700,7600209,XLK,Technology
10/15/2021,155.2100,155.9400,154.7400,155.9100,6389617,XLK,Technology
10/18/2021,155.0400,157.3100,154.6100,157.2300,5815132,XLK,Technology
10/19/2021,157.6500,158.7900,157.3300,158.7900,6600707,XLK,Technology
10/20/2021,158.9400,159.1700,157.6600,158.3500,6012667,XLK,Technology
10/21/2021,157.8700,159.0450,157.5450,158.9600,5011583,XLK,Technology
10/22/2021,158.9000,159.5600,157.7500,158.4100,6245006,XLK,Technology
10/25/2021,159.0100,159.5001,158.3100,158.9300,5168556,XLK,Technology
10/26/2021,160.0000,160.6700,159.3000,159.3800,6594759,XLK,Technology
10/27/2021,159.6500,160.4600,159.0800,159.2400,8724011,XLK,Technology
10/28/2021,160.2100,160.9600,159.9100,160.8400,6378440,XLK,Technology
10/29/2021,159.2600,161.6300,159.0700,161.5300,10065876,XLK,Technology
11/1/2021,161.5300,161.6100,160.4700,161.2900,12189012,XLK,Technology
11/2/2021,161.5100,163.1100,161.5100,162.7100,11997592,XLK,Technology
11/3/2021,162.9900,164.0000,162.0400,163.6600,12989308,XLK,Technology
11/4/2021,164.2800,166.6200,163.9900,166.2200,14345699,XLK,Technology
11/5/2021,167.4400,168.0200,166.0409,167.0800,12112064,XLK,Technology
11/8/2021,167.6200,168.2700,167.2300,167.9800,6390457,XLK,Technology
11/9/2021,168.2300,168.4100,166.4350,167.2900,8367399,XLK,Technology
11/10/2021,166.0000,166.8300,164.0300,164.5300,12894393,XLK,Technology
11/11/2021,165.7100,165.7800,165.0300,165.3000,5051904,XLK,Technology
11/12/2021,165.8500,167.5850,165.5700,167.3100,6115307,XLK,Technology
11/15/2021,167.9800,168.2200,166.1900,167.1400,6245195,XLK,Technology
11/16/2021,166.9400,169.1300,166.8400,168.9000,6769409,XLK,Technology
11/17/2021,168.5700,169.4500,167.8600,168.3900,7708937,XLK,Technology
11/18/2021,169.3600,170.3100,168.1400,170.0700,9984005,XLK,Technology
11/19/2021,170.6800,171.9600,170.1105,171.3100,8858784,XLK,Technology
11/22/2021,171.9800,174.2500,169.3000,169.4000,14232502,XLK,Technology
11/23/2021,168.7500,169.5500,166.8700,169.0100,14620677,XLK,Technology
11/24/2021,168.0000,170.2800,167.1800,170.2400,9120520,XLK,Technology
11/26/2021,167.8100,169.1100,165.3300,165.9900,12383935,XLK,Technology
11/29/2021,168.4600,170.5950,167.9300,170.1400,12489882,XLK,Technology
11/30/2021,169.5000,171.0500,167.2800,168.7200,27033357,XLK,Technology
12/1/2021,170.5000,171.7900,166.2600,166.4100,19545620,XLK,Technology
12/2/2021,164.8700,168.7100,164.5100,167.9400,23436247,XLK,Technology
12/3/2021,168.4200,168.9400,163.0500,165.1300,24235027,XLK,Technology
12/6/2021,165.6100,167.2000,163.8900,166.7000,18900173,XLK,Technology
12/7/2021,170.0200,172.7300,169.9956,172.5200,14345548,XLK,Technology
12/8/2021,172.5800,173.4300,171.3900,173.3100,11630788,XLK,Technology
12/9/2021,172.8800,174.0100,171.3000,171.4400,8600510,XLK,Technology
12/10/2021,173.2400,175.1000,172.7300,174.8800,12388524,XLK,Technology
12/13/2021,175.2400,175.5800,172.0300,172.2800,10486993,XLK,Technology
12/14/2021,170.2000,171.2900,167.4100,169.4500,13547388,XLK,Technology
12/15/2021,169.5900,174.1100,167.9800,173.9400,14135413,XLK,Technology
12/16/2021,174.5900,174.8700,168.0100,169.0100,15637803,XLK,Technology
12/17/2021,167.1500,169.5200,166.2800,167.8800,22411626,XLK,Technology
12/20/2021,165.0000,166.0900,164.3600,165.5700,16324761,XLK,Technology
12/21/2021,167.3400,169.9000,165.7900,169.7600,8405416,XLK,Technology
12/22/2021,169.5300,172.1000,169.0800,171.9800,6688099,XLK,Technology
12/23/2021,172.2100,173.6299,172.1900,172.9400,4896285,XLK,Technology
12/27/2021,173.6300,176.6900,173.5900,176.6500,6639571,XLK,Technology
12/28/2021,176.9800,177.0400,175.2900,175.7300,5711982,XLK,Technology
12/29/2021,175.7900,176.5900,174.9700,175.8800,4843886,XLK,Technology
12/30/2021,175.9500,176.5400,174.5100,174.7200,5263212,XLK,Technology
12/31/2021,174.5500,174.9700,173.7900,173.8700,5075243,XLK,Technology
1/3/2022,174.1000,175.6800,173.3400,175.5200,10151434,XLK,Technology
1/4/2022,175.8200,176.0000,172.3500,173.6600,8323998,XLK,Technology
1/5/2022,172.6500,172.7800,168.2600,168.3200,11814245,XLK,Technology
1/6/2022,166.9800,169.2000,166.4700,167.4700,11883563,XLK,Technology
1/7/2022,167.3600,168.1600,164.8400,165.9300,15244335,XLK,Technology
1/10/2022,163.4600,166.1700,161.2900,165.9600,16250705,XLK,Technology
1/11/2022,165.5300,168.1900,164.3000,167.9500,9582923,XLK,Technology
1/12/2022,169.2000,170.3600,167.9000,168.7400,9071990,XLK,Technology
1/13/2022,169.6100,170.1000,163.9516,164.3700,10471339,XLK,Technology
1/14/2022,163.2500,165.8600,163.2500,165.7600,11175680,XLK,Technology
1/18/2022,163.3500,164.3200,161.3300,161.7800,12342043,XLK,Technology
1/19/2022,162.2900,164.2900,159.3600,159.5200,12378272,XLK,Technology
1/20/2022,160.9400,162.7450,157.2500,157.4600,18804527,XLK,Technology
1/21/2022,157.0800,158.8899,154.2900,154.3300,24008262,XLK,Technology
1/24/2022,151.7600,155.2400,146.2400,155.1300,33714822,XLK,Technology
1/25/22,152.0900,154.4200,149.8000,151.5400,24409647,XLK,Technology
1/25/22,75.0500,75.3050,73.9700,74.8700,28638400,XLP,Cons Staples
1/24/22,75.6600,76.1600,74.1100,75.7100,35520500,XLP,Cons Staples
1/21/22,76.2800,76.9300,75.8361,75.9600,25270600,XLP,Cons Staples
1/20/22,76.3300,76.9800,75.8350,75.9000,15677900,XLP,Cons Staples
1/19/22,76.0600,76.9250,76.0380,76.4000,18518400,XLP,Cons Staples
1/18/22,76.4600,76.4800,75.6800,75.9200,16684300,XLP,Cons Staples
1/14/22,76.7000,77.1300,76.3500,77.0300,21391700,XLP,Cons Staples
1/13/22,76.8300,77.0500,76.5800,76.8900,14287300,XLP,Cons Staples
1/12/22,76.6700,76.8100,76.3900,76.7500,11155200,XLP,Cons Staples
1/11/22,76.7300,76.7900,75.8750,76.7200,19571700,XLP,Cons Staples
1/10/22,77.3000,77.4600,76.5600,76.8100,18578200,XLP,Cons Staples
1/7/22,77.2200,77.7190,77.0104,77.4200,12650200,XLP,Cons Staples
1/6/22,77.5000,77.9800,77.2300,77.3400,25023900,XLP,Cons Staples
1/5/22,77.5200,78.1800,77.4900,77.5500,29748400,XLP,Cons Staples
1/4/22,77.0800,77.8650,77.0500,77.6200,23066000,XLP,Cons Staples
1/3/22,76.6600,77.1400,76.0200,77.1000,22320200,XLP,Cons Staples
12/31/21,76.5400,77.2300,76.5000,77.1100,11288900,XLP,Cons Staples
12/30/21,77.0200,77.1000,76.5350,76.5900,6802800,XLP,Cons Staples
12/29/21,76.5600,77.0150,76.4300,76.8300,7891600,XLP,Cons Staples
12/28/21,75.9600,76.5550,75.9600,76.4800,7285300,XLP,Cons Staples
12/27/21,75.3000,76.0500,75.3000,76.0500,7343100,XLP,Cons Staples
12/23/21,75.2600,75.5050,75.1350,75.2500,8089000,XLP,Cons Staples
12/22/21,74.5800,75.1100,74.2850,75.0800,7650200,XLP,Cons Staples
12/21/21,74.7100,74.7600,74.1700,74.6100,11872000,XLP,Cons Staples
12/20/21,74.1200,74.7450,74.0300,74.7100,14116600,XLP,Cons Staples
12/17/21,75.7209,76.0983,74.6483,74.6880,23973018,XLP,Cons Staples
12/16/21,75.3932,76.2572,75.3783,75.9891,14598289,XLP,Cons Staples
12/15/21,74.7079,75.5421,74.6830,75.4528,21422746,XLP,Cons Staples
12/14/21,74.4993,74.8171,74.2114,74.6979,16158321,XLP,Cons Staples
12/13/21,73.6650,74.8767,73.5558,74.6483,16631229,XLP,Cons Staples
12/10/21,72.8903,73.7345,72.7562,73.6849,10964549,XLP,Cons Staples
12/9/21,72.2547,72.7215,71.9468,72.4633,8672843,XLP,Cons Staples
12/8/21,72.3739,72.6917,71.6488,72.2646,14589031,XLP,Cons Staples
12/7/21,72.4533,72.8506,72.3143,72.4930,13259687,XLP,Cons Staples
12/6/21,71.5892,72.6023,71.5793,72.3341,18651298,XLP,Cons Staples
12/3/21,70.5961,71.1920,70.3875,71.0827,23024264,XLP,Cons Staples
12/2/21,69.7121,70.6556,69.7121,70.2087,18832221,XLP,Cons Staples
12/1/21,70.2882,70.8742,69.4439,69.4737,23059413,XLP,Cons Staples
11/30/21,71.2019,71.2615,69.6625,69.8114,23877681,XLP,Cons Staples
11/29/21,71.5495,71.9269,71.1920,71.6488,13740155,XLP,Cons Staples
11/26/21,71.8971,72.2249,71.2118,71.4701,11795804,XLP,Cons Staples
11/24/21,72.5030,72.6122,72.0559,72.3838,9621809,XLP,Cons Staples
11/23/21,72.1355,72.7215,72.0163,72.6023,13497496,XLP,Cons Staples
11/22/21,71.6488,72.6222,71.5694,72.1256,13517729,XLP,Cons Staples
11/19/21,71.9766,71.9964,71.5197,71.5595,12005732,XLP,Cons Staples
11/18/21,71.8872,71.9865,71.4747,71.8177,11347455,XLP,Cons Staples
11/17/21,72.1653,72.2994,71.9518,72.0759,10516502,XLP,Cons Staples
11/16/21,72.6420,72.8804,72.2050,72.2348,6607086,XLP,Cons Staples
11/15/21,72.4732,72.7662,72.3341,72.6917,6425144,XLP,Cons Staples
11/12/21,72.4930,72.6818,72.2249,72.3441,7521104,XLP,Cons Staples
11/11/21,72.4434,72.4831,72.1752,72.3441,6362415,XLP,Cons Staples
11/10/21,72.2447,72.5824,72.1107,72.3937,11428313,XLP,Cons Staples
11/9/21,71.9468,72.2447,71.7084,72.1752,13620237,XLP,Cons Staples
11/8/21,72.5328,72.5824,71.5892,71.9269,12901343,XLP,Cons Staples
11/5/21,72.3639,72.6222,72.2249,72.5030,9997062,XLP,Cons Staples
11/4/21,71.7581,72.1484,71.5694,72.0858,11781923,XLP,Cons Staples
11/3/21,71.3608,72.0163,71.3112,72.0163,10542883,XLP,Cons Staples
11/2/21,70.9139,71.5098,70.7053,71.3509,10010754,XLP,Cons Staples
11/1/21,70.9139,71.0331,70.6209,70.8741,7082022,XLP,Cons Staples
10/29/21,70.6556,71.0430,70.5861,70.7649,8160863,XLP,Cons Staples
10/28/21,70.6060,70.8642,70.4868,70.8344,8673858,XLP,Cons Staples
10/27/21,71.3707,71.4204,70.5563,70.5861,10405851,XLP,Cons Staples
10/26/21,70.7649,71.1820,70.7152,71.0033,8866059,XLP,Cons Staples
10/25/21,70.7550,70.9089,70.2584,70.7550,6891416,XLP,Cons Staples
10/22/21,70.3974,70.9139,70.3378,70.8046,9641345,XLP,Cons Staples
10/21/21,70.4471,70.5034,70.1789,70.2584,8031176,XLP,Cons Staples
10/20/21,70.0101,70.5861,69.9505,70.3478,8890223,XLP,Cons Staples
10/19/21,69.7916,69.9505,69.4539,69.9405,10272949,XLP,Cons Staples
10/18/21,70.0200,70.2385,69.5433,69.9108,10112041,XLP,Cons Staples
10/15/21,70.7351,70.7599,70.1243,70.3279,11654547,XLP,Cons Staples
10/14/21,69.9703,70.6060,69.9207,70.4967,10043587,XLP,Cons Staples
10/13/21,69.6525,69.9008,69.1112,69.7121,9613656,XLP,Cons Staples
10/12/21,69.6128,70.1193,69.4290,69.5830,12486211,XLP,Cons Staples
10/11/21,69.6823,69.9306,69.4936,69.5532,8274638,XLP,Cons Staples
10/8/21,69.7022,69.8611,69.4439,69.5731,7335641,XLP,Cons Staples
10/7/21,69.6922,70.2683,69.5979,69.6525,8454364,XLP,Cons Staples
10/6/21,68.3216,69.4142,68.2422,69.3446,15012318,XLP,Cons Staples
10/5/21,68.5004,68.9821,68.3514,68.6792,16297258,XLP,Cons Staples
10/4/21,68.5302,69.0169,67.8548,68.3316,20491107,XLP,Cons Staples
10/1/21,68.5799,68.8778,67.9045,68.5501,15998116,XLP,Cons Staples
9/30/21,69.7916,69.8512,68.3415,68.3713,16371867,XLP,Cons Staples
9/29/21,69.1361,69.9803,68.9871,69.6227,13420880,XLP,Cons Staples
9/28/21,69.6327,69.7122,68.7487,68.9970,15085613,XLP,Cons Staples
9/27/21,70.0299,70.3577,69.7618,69.8214,8525038,XLP,Cons Staples
9/24/21,70.0101,70.4471,70.0101,70.1392,6763447,XLP,Cons Staples
9/23/21,69.9505,70.4272,69.8810,70.1094,8498258,XLP,Cons Staples
9/22/21,70.1094,70.2882,69.7121,69.8512,10094724,XLP,Cons Staples
9/21/21,69.9306,70.4868,69.5184,69.6525,11216873,XLP,Cons Staples
9/20/21,69.9505,70.3577,69.1957,69.7320,18003267,XLP,Cons Staples
9/17/21,70.6326,70.8892,70.4253,70.4352,13322555,XLP,Cons Staples
9/16/21,70.9682,71.1853,70.2279,70.8201,9918345,XLP,Cons Staples
9/15/21,70.8004,71.1804,70.6326,71.0570,8940469,XLP,Cons Staples
9/14/21,71.3037,71.3531,70.6819,70.8004,9265478,XLP,Cons Staples
9/13/21,71.2248,71.7380,70.9558,71.1261,13979170,XLP,Cons Staples
9/10/21,71.3926,71.4222,70.8102,70.9484,10404952,XLP,Cons Staples
9/9/21,71.5999,71.6196,71.1853,71.2544,7843048,XLP,Cons Staples
9/8/21,70.9682,71.7479,70.9287,71.6690,10802901,XLP,Cons Staples
9/7/21,71.7677,71.7677,71.0076,71.0570,9327079,XLP,Cons Staples
9/3/21,71.7578,71.9897,71.5505,71.8861,6090636,XLP,Cons Staples
9/2/21,71.8466,72.0934,71.7183,71.9749,6710169,XLP,Cons Staples
1/25/22,100.0100,101.6200,98.3650,100.7800,28146200,XLI,Industrial 
1/24/22,99.5100,101.9300,98.0500,101.7800,37364300,XLI,Industrial 
1/21/22,102.1500,102.9150,100.8000,101.2000,33329800,XLI,Industrial 
1/20/22,103.6600,104.7250,102.0050,102.1400,16726000,XLI,Industrial 
1/19/22,104.9100,105.0500,103.3750,103.4600,13367000,XLI,Industrial 
1/18/22,104.8600,105.0700,104.0300,104.6300,13878200,XLI,Industrial 
1/14/22,105.5200,105.9400,104.7750,105.8500,14758600,XLI,Industrial 
1/13/22,106.5500,107.4400,106.1150,106.4900,10995400,XLI,Industrial 
1/12/22,106.3700,106.8000,105.9200,106.2600,9938000,XLI,Industrial 
1/11/22,105.4000,106.0400,104.2600,105.9200,11966500,XLI,Industrial 
1/10/22,106.2300,106.3200,104.4700,105.2900,15670900,XLI,Industrial 
1/7/22,106.5500,107.2000,106.4500,106.4900,11614800,XLI,Industrial 
1/6/22,106.4000,106.9050,105.9800,106.5200,10437800,XLI,Industrial 
1/5/22,107.3300,107.8800,105.9850,106.0300,16196100,XLI,Industrial 
1/4/22,105.6200,107.2500,105.5000,107.0500,14572800,XLI,Industrial 
1/3/22,106.0300,106.2600,104.3950,104.9400,10188300,XLI,Industrial 
12/31/21,105.1800,106.2300,105.0600,105.8100,7726000,XLI,Industrial 
12/30/21,105.8500,106.3700,105.2750,105.3600,6190400,XLI,Industrial 
12/29/21,105.3900,105.9700,105.2600,105.7400,5922200,XLI,Industrial 
12/28/21,104.9200,105.8150,104.8600,105.5500,5368600,XLI,Industrial 
12/27/21,104.0800,105.0600,103.9300,105.0200,5196000,XLI,Industrial 
12/23/21,103.0800,104.2600,103.0600,103.9200,7047100,XLI,Industrial 
12/22/21,102.3700,102.8850,102.2000,102.7100,8296900,XLI,Industrial 
12/21/21,101.1700,102.6260,101.1300,102.4200,10497400,XLI,Industrial 
12/20/21,100.8100,100.8252,99.5600,100.4200,17968300,XLI,Industrial 
12/17/21,103.8084,103.9279,102.0251,102.0550,19451605,XLI,Industrial 
12/16/21,104.4460,104.8993,103.4597,103.8283,11910966,XLI,Industrial 
12/15/21,103.1608,103.9180,102.4734,103.7785,16972286,XLI,Industrial 
12/14/21,103.3103,104.3165,102.4734,102.8819,13223795,XLI,Industrial 
12/13/21,104.7150,104.9142,103.6888,103.8682,12737967,XLI,Industrial 
12/10/21,104.9939,105.1732,104.4460,104.9541,8335524,XLI,Industrial 
12/9/21,104.4360,105.0637,104.1670,104.5257,7353334,XLI,Industrial 
12/8/21,104.6452,105.0437,104.3314,104.8544,10458811,XLI,Industrial 
12/7/21,104.3264,105.4572,104.2816,104.5954,10603151,XLI,Industrial 
12/6/21,102.8321,104.1820,102.6627,103.5394,14511940,XLI,Industrial 
12/3/21,102.1347,102.3937,100.7898,101.8159,19658682,XLI,Industrial 
12/2/21,99.7537,102.2841,99.4150,101.9355,22001978,XLI,Industrial 
12/1/21,101.9155,102.3260,98.9567,98.9965,19858341,XLI,Industrial 
11/30/21,102.2244,102.5432,100.2867,100.3913,21138239,XLI,Industrial 
11/29/21,103.8682,103.8881,102.4535,103.0014,11737215,XLI,Industrial 
11/26/21,102.9616,103.3900,102.0949,102.8221,14749433,XLI,Industrial 
11/24/21,105.4522,105.9005,105.3127,105.6813,10800895,XLI,Industrial 
11/23/21,105.7411,106.1745,105.2575,105.8009,14143449,XLI,Industrial 
11/22/21,105.6714,106.6078,105.4123,105.6216,11956730,XLI,Industrial 
11/19/21,105.8108,105.8856,105.1832,105.3326,8969312,XLI,Industrial 
11/18/21,106.4285,106.4285,105.3127,105.8606,9843197,XLI,Industrial 
11/17/21,106.7373,106.8718,105.7112,106.0798,8195101,XLI,Industrial 
11/16/21,106.7075,107.2413,106.6178,106.7174,6649893,XLI,Industrial 
11/15/21,106.9266,107.0462,106.4584,106.6975,7701543,XLI,Industrial 
11/12/21,105.9603,106.6776,105.6216,106.4982,7958914,XLI,Industrial 
11/11/21,106.3090,106.3090,105.5518,105.6614,5943536,XLI,Industrial 
11/10/21,106.5480,106.8868,105.8059,106.0997,10364757,XLI,Industrial 
11/9/21,106.6278,106.9565,106.1047,106.6975,10677628,XLI,Industrial 
11/8/21,106.9266,107.1757,106.0151,106.4285,8962484,XLI,Industrial 
11/5/21,106.1396,106.6477,105.6415,105.9902,12955284,XLI,Industrial 
11/4/21,104.8046,105.2978,104.6852,104.9242,10239581,XLI,Industrial 
11/3/21,104.1471,104.5755,103.5992,104.5058,11610832,XLI,Industrial 
11/2/21,104.5356,104.8295,104.2368,104.7349,8867123,XLI,Industrial 
11/1/21,104.3065,104.5954,103.8781,104.3862,10815849,XLI,Industrial 
10/29/21,103.8781,104.4759,103.6789,104.0973,6857371,XLI,Industrial 
10/28/21,102.9317,104.1272,102.9317,104.0674,9295335,XLI,Industrial 
10/27/21,104.1969,104.2667,102.7574,102.7823,9049105,XLI,Industrial 
10/26/21,104.5356,104.9740,103.9878,103.9977,12360350,XLI,Industrial 
10/25/21,104.2500,105.0400,103.9100,104.6500,8124134,XLI,Industrial 
10/22/21,104.2500,104.7900,104.0900,104.4100,9863272,XLI,Industrial 
10/21/21,103.6100,104.0900,103.3500,104.0400,7854320,XLI,Industrial 
10/20/21,103.2000,103.9300,102.9600,103.8300,9293428,XLI,Industrial 
10/19/21,103.0800,103.2200,102.4700,103.1800,6937168,XLI,Industrial 
10/18/21,101.9200,102.6800,101.5100,102.5700,6805781,XLI,Industrial 
10/15/21,102.2200,102.9400,102.0800,102.5000,11819622,XLI,Industrial 
10/14/21,100.4500,101.5500,100.2400,101.5300,9789692,XLI,Industrial 
10/13/21,99.6100,100.0600,98.5600,99.6400,12463441,XLI,Industrial 
10/12/21,99.8800,100.2300,99.2400,99.4300,10086606,XLI,Industrial 
10/11/21,100.4400,101.0800,99.7500,99.7600,10021668,XLI,Industrial 
10/8/21,100.4800,100.8200,100.1400,100.5700,8597411,XLI,Industrial 
10/7/21,100.5700,101.3100,100.4900,100.5800,9706175,XLI,Industrial 
10/6/21,98.3000,99.8400,97.8400,99.8000,14757964,XLI,Industrial 
10/5/21,98.4500,99.8700,98.0200,99.3700,13036902,XLI,Industrial 
10/4/21,98.6400,99.2700,97.6500,98.2700,20259034,XLI,Industrial 
10/1/21,98.0900,99.3400,97.1100,98.8100,17116120,XLI,Industrial 
9/30/21,99.8300,99.9100,97.3600,97.4700,24717592,XLI,Industrial 
9/29/21,99.8400,100.0300,99.3700,99.5100,12193925,XLI,Industrial 
9/28/21,100.2900,100.5500,99.1700,99.4100,17121647,XLI,Industrial 
9/27/21,100.6100,101.4700,100.5100,100.5700,9373126,XLI,Industrial 
9/24/21,100.0000,100.7500,99.9300,100.4700,8285537,XLI,Industrial 
9/23/21,99.2200,100.8100,99.1800,100.2600,11483353,XLI,Industrial 
9/22/21,98.2600,99.4200,98.2600,98.7500,13129341,XLI,Industrial 
9/21/21,98.9700,99.0300,97.5200,97.9700,14399318,XLI,Industrial 
9/20/21,98.1700,98.6900,97.4100,98.4900,21534422,XLI,Industrial 
9/17/21,100.3600,100.5900,99.4800,99.6300,16364696,XLI,Industrial 
9/16/21,101.3900,101.6400,100.5300,100.7000,10589967,XLI,Industrial 
9/15/21,100.3500,101.6600,100.1300,101.4000,9239361,XLI,Industrial 
9/14/21,101.8000,101.8900,100.0700,100.3000,11574218,XLI,Industrial 
9/13/21,102.0200,102.2800,100.7500,101.5200,12538338,XLI,Industrial 
9/10/21,102.1900,102.4000,101.2100,101.2500,9614771,XLI,Industrial 
9/9/21,102.0300,102.7600,101.4600,101.7100,9472077,XLI,Industrial 
9/8/21,101.8600,102.4000,101.4300,102.2000,13656625,XLI,Industrial 
9/7/21,103.5000,103.5700,101.9900,102.0600,17975001,XLI,Industrial 
9/3/21,104.2100,104.4100,103.7900,103.8600,9924224,XLI,Industrial 
9/2/21,103.8100,104.5100,103.7900,104.5000,9701175,XLI,Industrial 
1/25/22,82.8300,84.0400,81.3900,83.3300,14655685,XLB,Materials
1/24/22,82.4600,84.3100,80.9100,84.0900,21229466,XLB,Materials
1/21/22,85.6300,85.9500,83.7600,84.0400,16271249,XLB,Materials
1/20/22,87.6300,88.2800,86.0400,86.1400,8573630,XLB,Materials
1/19/22,88.2800,88.5000,87.3600,87.4100,7416432,XLB,Materials
1/18/22,87.8400,87.9900,86.9500,87.6300,7790865,XLB,Materials
1/14/22,88.5700,88.9700,87.7400,88.8000,7294381,XLB,Materials
1/13/22,90.1200,90.5900,89.3400,89.5600,6003074,XLB,Materials
1/12/22,90.1100,90.4500,89.3600,90.2600,5107848,XLB,Materials
1/11/22,88.5200,89.3900,87.7600,89.3600,6807416,XLB,Materials
1/10/22,88.8200,89.0300,87.5500,88.3900,8409570,XLB,Materials
1/7/22,89.4900,89.6400,88.9100,89.3000,8271830,XLB,Materials
1/6/22,90.7300,90.7300,89.2500,89.3800,8934382,XLB,Materials
1/5/22,91.0000,92.3100,90.4900,90.5200,10626376,XLB,Materials
1/4/22,89.6900,90.8700,89.6500,90.5300,9968869,XLB,Materials
1/3/22,90.7200,90.8300,89.2200,89.4300,7544354,XLB,Materials
12/31/21,90.0500,90.8400,90.0300,90.6100,3228878,XLB,Materials
12/30/21,90.5600,91.0800,90.1400,90.2100,3170006,XLB,Materials
12/29/21,90.0800,90.6900,90.0000,90.5300,2576989,XLB,Materials
12/28/21,89.6000,90.2500,89.5800,90.1600,4269052,XLB,Materials
12/27/21,88.5900,89.6500,88.4600,89.6400,2459779,XLB,Materials
12/23/21,87.5700,88.5900,87.4400,88.3100,2873018,XLB,Materials
12/22/21,86.6400,87.5000,86.5300,87.4300,3095125,XLB,Materials
12/21/21,86.2800,87.0800,86.2100,86.7400,4531763,XLB,Materials
12/20/21,85.9800,86.0300,84.5700,85.6600,7077762,XLB,Materials
12/17/21,88.4500,88.7100,87.6000,87.6600,7832733,XLB,Materials
12/16/21,88.4700,89.3400,88.4000,88.7700,6535634,XLB,Materials
12/15/21,87.3100,87.9700,86.3600,87.8700,7311540,XLB,Materials
12/14/21,87.7000,88.4200,87.4400,87.6800,4536787,XLB,Materials
12/13/21,88.2500,88.4500,87.4800,87.7700,4703340,XLB,Materials
12/10/21,88.4300,88.6400,87.7200,88.3000,4792550,XLB,Materials
12/9/21,87.5900,88.1800,87.4000,87.7600,3300773,XLB,Materials
12/8/21,88.1800,88.4400,87.7400,88.2500,4608310,XLB,Materials
12/7/21,87.5600,88.4300,87.5500,87.8800,5653471,XLB,Materials
12/6/21,86.1700,87.2400,85.8600,86.5600,8122986,XLB,Materials
12/3/21,85.6400,86.5600,84.5500,85.3100,9988682,XLB,Materials
12/2/21,84.0700,85.8500,83.9100,85.5000,8978673,XLB,Materials
12/1/21,85.9900,86.7300,83.7500,83.7900,11242869,XLB,Materials
11/30/21,86.3600,86.5800,84.4900,84.6500,12002301,XLB,Materials
11/29/21,87.0600,87.2500,86.2300,86.8000,6140199,XLB,Materials
11/26/21,85.9100,86.8100,85.4700,86.4000,7107505,XLB,Materials
11/24/21,88.0700,88.2700,87.7200,87.9100,5182620,XLB,Materials
11/23/21,88.4800,89.1700,88.0900,88.5400,7616338,XLB,Materials
11/22/21,88.3500,89.3900,88.3100,88.4500,6690035,XLB,Materials
11/19/21,88.1600,88.8400,88.0200,88.3100,5213351,XLB,Materials
11/18/21,88.9200,89.0900,88.2900,88.4700,5194591,XLB,Materials
11/17/21,89.3000,89.5300,88.7800,88.8500,5279572,XLB,Materials
11/16/21,89.7400,89.9900,89.3800,89.4400,4388136,XLB,Materials
11/15/21,90.1300,90.1700,89.3700,89.6900,4314031,XLB,Materials
11/12/21,89.6700,90.1400,89.4600,90.1000,4387372,XLB,Materials
11/11/21,89.1200,89.8000,88.9300,89.4300,4079195,XLB,Materials
11/10/21,89.2400,89.6500,88.5400,88.7200,6436232,XLB,Materials
11/9/21,88.9500,89.3300,88.5900,89.3300,7884261,XLB,Materials
11/8/21,88.7800,89.2300,88.6100,88.9200,5345020,XLB,Materials
11/5/21,87.3600,88.0600,87.2700,87.8200,5829404,XLB,Materials
11/4/21,87.3200,87.5100,86.7700,87.1400,5036572,XLB,Materials
11/3/21,86.4400,87.5600,86.2100,87.1900,9593688,XLB,Materials
11/2/21,85.5400,86.4600,85.3800,86.2900,6635591,XLB,Materials
11/1/21,85.2600,85.8300,85.0200,85.3200,5520223,XLB,Materials
10/29/21,85.2100,85.8300,84.8100,85.1200,4349562,XLB,Materials
10/28/21,84.7900,85.6900,84.7700,85.5300,4151685,XLB,Materials
10/27/21,85.5900,85.7400,84.6300,84.6900,5702093,XLB,Materials
10/26/21,85.8300,86.2700,85.1200,85.9200,5776969,XLB,Materials
10/25/21,85.3700,86.0400,84.8500,85.6800,5399652,XLB,Materials
10/22/21,85.1500,85.7300,84.8300,84.8300,5784213,XLB,Materials
10/21/21,84.8600,85.0200,84.1100,84.9900,6696108,XLB,Materials
10/20/21,84.6000,85.3100,84.4000,85.2100,4651953,XLB,Materials
10/19/21,84.4700,84.5300,83.8300,84.5300,4795501,XLB,Materials
10/18/21,83.4300,84.2500,83.2800,84.0900,6349897,XLB,Materials
10/15/21,84.3400,84.5800,83.9400,84.1500,5852546,XLB,Materials
10/14/21,82.7100,84.0200,82.4800,83.9000,5687340,XLB,Materials
10/13/21,81.8300,82.2800,80.9300,81.9100,7215657,XLB,Materials
10/12/21,81.2400,81.6800,81.0000,81.3000,7665740,XLB,Materials
10/11/21,81.4600,82.3800,81.1800,81.1900,4836766,XLB,Materials
10/8/21,81.8300,82.0300,81.0300,81.1800,6399037,XLB,Materials
10/7/21,81.2700,82.5200,81.2700,81.6300,8469289,XLB,Materials
10/6/21,79.9100,80.5800,78.2500,80.5800,7724252,XLB,Materials
10/5/21,80.2400,81.1800,79.7000,80.7300,6792058,XLB,Materials
10/4/21,80.4700,80.9700,79.4500,80.0200,8555819,XLB,Materials
10/1/21,79.4900,80.8000,78.8900,80.3700,9249991,XLB,Materials
9/30/21,80.6000,80.9300,79.0900,79.1100,10729442,XLB,Materials
9/29/21,80.6800,80.8600,80.2000,80.3600,6969761,XLB,Materials
9/28/21,81.5000,81.6200,80.4400,80.6900,8285263,XLB,Materials
9/27/21,81.2800,82.1600,81.2700,81.7000,5216513,XLB,Materials
9/24/21,80.8200,81.5000,80.6300,81.0700,3625896,XLB,Materials
9/23/21,80.6500,81.7400,80.5700,81.1900,4758327,XLB,Materials
9/22/21,79.9900,80.8500,79.9900,80.0500,7656112,XLB,Materials
9/21/21,79.9100,80.0500,78.8900,79.2300,7614708,XLB,Materials
9/20/21,79.0800,79.7900,78.3700,79.4200,10077762,XLB,Materials
9/17/21,82.5800,82.7300,81.0700,81.3300,9965999,XLB,Materials
9/16/21,83.6300,83.7100,82.4400,83.0400,5625365,XLB,Materials
9/15/21,83.2800,84.0500,83.1200,83.9500,6325836,XLB,Materials
9/14/21,84.2800,84.3400,82.8900,83.0700,6043651,XLB,Materials
9/13/21,84.7500,85.0000,83.4600,83.9900,7610040,XLB,Materials
9/10/21,84.4200,85.0500,83.9500,84.0100,8890182,XLB,Materials
9/9/21,83.7600,84.6000,83.7600,84.0300,4935706,XLB,Materials
9/8/21,84.5600,84.6400,83.7100,84.0000,6209959,XLB,Materials
9/7/21,85.0700,85.1300,84.6900,84.8100,6932341,XLB,Materials
9/3/21,85.8500,86.1000,85.3500,85.3700,11440331,XLB,Materials
9/2/21,85.6400,86.1100,85.6100,85.9400,5315638,XLB,Materials
1/25/22,127.3300,129.3100,126.2700,128.2100,19326773,XLV,Healthcare
1/24/22,128.3000,129.2600,124.9200,129.0400,37986741,XLV,Healthcare
1/21/22,131.1900,131.6000,129.2600,129.4700,25804772,XLV,Healthcare
1/20/22,131.9700,133.3200,130.7100,130.7900,15127778,XLV,Healthcare
1/19/22,132.4400,133.4800,131.5200,131.6500,14639582,XLV,Healthcare
1/18/22,132.7500,132.9600,131.8400,132.1900,16471761,XLV,Healthcare
1/14/22,133.9400,134.2100,132.6900,134.0700,14341860,XLV,Healthcare
1/13/22,136.1800,136.3500,134.0600,134.3000,13804867,XLV,Healthcare
1/12/22,136.0300,136.6300,135.8300,136.4200,10831825,XLV,Healthcare
1/11/22,135.9300,136.8300,135.0000,136.8100,12168273,XLV,Healthcare
1/10/22,133.7600,135.8100,133.4400,135.7300,15589881,XLV,Healthcare
1/7/22,134.7200,134.9700,134.0700,134.3500,9619354,XLV,Healthcare
1/6/22,135.7700,136.6000,134.8000,135.0400,15181986,XLV,Healthcare
1/5/22,137.9000,138.7300,136.5600,136.6200,15370687,XLV,Healthcare
1/4/22,139.1300,139.2900,137.0100,137.6000,13718254,XLV,Healthcare
1/3/22,140.2900,140.5500,138.2400,139.4400,15122472,XLV,Healthcare
12/31/21,141.3200,141.8600,140.8400,140.8900,7882794,XLV,Healthcare
12/30/21,141.4600,141.9700,141.3100,141.4900,7931674,XLV,Healthcare
12/29/21,140.2600,141.4900,140.1600,141.2000,7103573,XLV,Healthcare
12/28/21,140.9000,141.1500,140.0300,140.4000,6066669,XLV,Healthcare
12/27/21,139.8000,140.7700,139.6500,140.7700,6969387,XLV,Healthcare
12/23/21,139.0900,139.7500,138.6800,139.3000,7743780,XLV,Healthcare
12/22/21,137.0600,138.8100,136.8200,138.7300,7245983,XLV,Healthcare
12/21/21,136.9500,137.1900,135.6800,137.1300,10773365,XLV,Healthcare
12/20/21,137.1100,137.5300,135.3800,136.5600,16185740,XLV,Healthcare
12/17/21,138.1900,139.0300,137.3800,137.9200,21505772,XLV,Healthcare
12/16/21,138.0600,139.5900,137.8100,138.8900,19227482,XLV,Healthcare
12/15/21,135.5900,138.1400,135.4700,138.0700,14996251,XLV,Healthcare
12/14/21,135.2200,136.0100,134.6300,135.3000,11070804,XLV,Healthcare
12/13/21,134.5800,136.2300,134.5800,135.8500,12201839,XLV,Healthcare
12/10/21,133.7600,134.8600,133.7000,134.5800,8554302,XLV,Healthcare
12/9/21,133.6700,134.5500,133.5700,134.1100,9095914,XLV,Healthcare
12/8/21,133.1800,133.8900,132.5100,133.8000,15144681,XLV,Healthcare
12/7/21,132.0000,133.1200,131.8200,132.8000,11974712,XLV,Healthcare
12/6/21,130.7100,131.6800,130.5000,131.1100,15230869,XLV,Healthcare
12/3/21,131.0400,131.5400,129.2900,130.3700,22111856,XLV,Healthcare
12/2/21,129.4600,130.6600,128.8400,130.1300,17531246,XLV,Healthcare
12/1/21,130.3500,132.0900,129.4800,129.5000,22241709,XLV,Healthcare
11/30/21,131.5700,132.1700,129.5400,129.7300,19467132,XLV,Healthcare
11/29/21,132.6900,133.2200,132.1900,132.3300,17137200,XLV,Healthcare
11/26/21,132.9400,133.7200,131.5100,131.9700,11896923,XLV,Healthcare
11/24/21,132.2600,132.7000,131.8000,132.4600,6760796,XLV,Healthcare
11/23/21,131.7500,132.6500,131.3500,132.5100,12075241,XLV,Healthcare
11/22/21,133.1600,133.6200,132.2000,132.3700,11146204,XLV,Healthcare
11/19/21,134.1800,134.6300,132.8500,132.9700,10166202,XLV,Healthcare
11/18/21,133.8700,134.1200,133.3200,133.7800,9029418,XLV,Healthcare
11/17/21,133.6900,134.2500,133.1100,133.7300,8229054,XLV,Healthcare
11/16/21,132.9500,134.2600,132.7200,133.5400,6150892,XLV,Healthcare
11/15/21,134.1200,134.1900,132.8500,132.9800,6268910,XLV,Healthcare
11/12/21,134.0000,134.1200,133.0700,133.8100,8317641,XLV,Healthcare
11/11/21,133.5200,133.6100,132.8300,133.1500,8597304,XLV,Healthcare
11/10/21,133.1200,134.0800,133.1000,133.5400,8445419,XLV,Healthcare
11/9/21,133.6900,133.8100,132.9000,133.1600,7287021,XLV,Healthcare
11/8/21,133.1000,133.8200,132.5800,133.6500,8948840,XLV,Healthcare
11/5/21,133.1500,133.7000,131.9000,132.8600,14867391,XLV,Healthcare
11/4/21,134.9800,135.1900,133.4300,134.3600,15818549,XLV,Healthcare
11/3/21,134.2400,135.3400,133.7400,135.2900,14610094,XLV,Healthcare
11/2/21,134.1800,135.1600,133.0100,134.5000,20851468,XLV,Healthcare
11/1/21,133.9400,134.4900,133.1500,133.6600,14356751,XLV,Healthcare
10/29/21,132.3600,133.9900,131.8500,133.8200,15415091,XLV,Healthcare
10/28/21,131.6700,133.0400,131.6600,132.5300,9282753,XLV,Healthcare
10/27/21,132.6900,132.8300,131.3900,131.4300,11851449,XLV,Healthcare
10/26/21,132.1300,132.8600,131.4100,132.4800,9271663,XLV,Healthcare
10/25/21,131.7300,131.9700,130.7100,131.8300,10629842,XLV,Healthcare
10/22/21,131.0200,131.7200,130.8200,131.6700,8009739,XLV,Healthcare
10/21/21,130.8800,131.2200,129.9300,131.1400,8267518,XLV,Healthcare
10/20/21,129.5400,130.8000,129.4200,130.6100,13665717,XLV,Healthcare
10/19/21,127.7900,129.1000,127.7900,128.7700,9486966,XLV,Healthcare
10/18/21,127.4100,127.5400,126.5500,127.1000,11660799,XLV,Healthcare
10/15/21,128.0000,128.5500,127.7300,127.9700,8976053,XLV,Healthcare
10/14/21,126.8400,127.8400,126.8400,127.3400,8857911,XLV,Healthcare
10/13/21,125.5500,126.1100,124.7700,125.5400,10610423,XLV,Healthcare
10/12/21,126.3500,126.4800,125.0300,125.3400,13007521,XLV,Healthcare
10/11/21,126.8300,127.5000,125.9100,125.9500,7843732,XLV,Healthcare
10/8/21,127.7600,128.0000,126.6800,126.9400,9552253,XLV,Healthcare
10/7/21,126.7800,128.4000,126.5400,127.5800,15806657,XLV,Healthcare
10/6/21,125.4400,126.0200,124.5000,125.9100,21322290,XLV,Healthcare
10/5/21,125.9000,127.4200,125.7300,126.1400,19152027,XLV,Healthcare
10/4/21,126.8100,127.4600,124.7600,125.3900,27580669,XLV,Healthcare
10/1/21,127.4700,127.9300,125.2800,127.3300,23188944,XLV,Healthcare
9/30/21,129.3100,130.1200,127.1900,127.3000,21653745,XLV,Healthcare
9/29/21,128.4400,129.4800,128.1800,128.8800,11171392,XLV,Healthcare
9/28/21,129.2700,129.2700,127.4300,127.8700,17433739,XLV,Healthcare
9/27/21,131.6000,131.7600,129.8200,130.1000,11631377,XLV,Healthcare
9/24/21,132.3000,132.7900,131.7000,131.9800,6962579,XLV,Healthcare
9/23/21,131.8700,133.2900,131.7700,132.5200,10366547,XLV,Healthcare
9/22/21,131.7400,132.2300,130.9400,131.5700,11964144,XLV,Healthcare
9/21/21,131.7500,132.7000,131.3300,131.3500,11741913,XLV,Healthcare
9/20/21,131.0300,132.3200,130.0100,131.1500,17245017,XLV,Healthcare
9/17/21,132.7600,133.1100,132.1300,133.0000,13541430,XLV,Healthcare
9/16/21,133.3800,133.6300,131.9600,132.8700,10525706,XLV,Healthcare
9/15/21,132.1800,133.8300,131.9800,133.2100,10299867,XLV,Healthcare
9/14/21,132.9900,133.3000,132.1200,132.3500,10436274,XLV,Healthcare
9/13/21,133.8900,133.9700,131.7000,132.3700,11676713,XLV,Healthcare
9/10/21,134.9000,135.0200,133.1200,133.1900,10561623,XLV,Healthcare
9/9/21,135.8000,136.1100,134.3400,134.4200,8905636,XLV,Healthcare
9/8/21,135.7800,136.2100,135.4200,135.9900,6986150,XLV,Healthcare
9/7/21,136.3400,136.5600,135.1600,136.0500,8739238,XLV,Healthcare
9/3/21,136.5600,137.0400,135.9100,136.8500,5632771,XLV,Healthcare
9/2/21,135.7500,136.7200,135.6000,136.7000,6848211,XLV,Healthcare
1/25/22,179.4800,182.2600,176.9800,179.5000,17945156,XLY,Consumer Discretionary 
1/24/22,176.6800,182.7700,172.0500,182.5900,26618462,XLY,Consumer Discretionary 
1/21/22,185.2500,186.0300,180.3400,180.4200,18697163,XLY,Consumer Discretionary 
1/20/22,190.4800,192.8600,185.5400,185.8700,9046917,XLY,Consumer Discretionary 
1/19/22,193.6400,194.2700,189.1700,189.3200,8702358,XLY,Consumer Discretionary 
1/18/22,193.7400,194.6700,192.0900,192.8000,9094291,XLY,Consumer Discretionary 
1/14/22,195.8700,197.4300,193.6900,196.5200,10357643,XLY,Consumer Discretionary 
1/13/22,202.1500,203.1300,196.9600,197.4400,8247020,XLY,Consumer Discretionary 
1/12/22,201.5800,202.5200,199.7700,201.4900,6578370,XLY,Consumer Discretionary 
1/11/22,197.9700,200.5700,196.4500,200.1700,8443681,XLY,Consumer Discretionary 
1/10/22,196.8600,198.3600,192.5800,198.2600,10635732,XLY,Consumer Discretionary 
1/7/22,203.1600,203.6800,198.8300,199.4800,7502625,XLY,Consumer Discretionary 
1/6/22,203.1100,204.2900,199.6600,202.8600,8622723,XLY,Consumer Discretionary 
1/5/22,208.7500,209.3900,203.2900,203.3900,8637798,XLY,Consumer Discretionary 
1/4/22,210.6600,211.8100,207.8900,209.0300,6584725,XLY,Consumer Discretionary 
1/3/22,208.2900,210.3300,207.1000,210.3100,7232741,XLY,Consumer Discretionary 
12/31/21,205.0900,205.8100,204.3000,204.4400,3442753,XLY,Consumer Discretionary 
12/30/21,204.9700,206.7300,204.7500,204.9300,3570064,XLY,Consumer Discretionary 
12/29/21,205.7600,206.1800,204.3700,205.6700,3792250,XLY,Consumer Discretionary 
12/28/21,205.6300,206.3500,204.9100,205.2600,4153112,XLY,Consumer Discretionary 
12/27/21,203.5700,205.7900,203.4800,205.1700,4214980,XLY,Consumer Discretionary 
12/23/21,200.6600,203.7300,200.3600,203.1900,5294422,XLY,Consumer Discretionary 
12/22/21,197.4600,200.6200,197.1100,200.4100,5745536,XLY,Consumer Discretionary 
12/21/21,193.9000,196.8700,192.4000,196.8200,6765259,XLY,Consumer Discretionary 
12/20/21,191.8800,192.2800,189.9000,191.8500,11163482,XLY,Consumer Discretionary 
12/17/21,194.9900,197.6400,193.6500,195.2900,11755384,XLY,Consumer Discretionary 
12/16/21,202.0500,202.4100,196.3700,196.6300,9184428,XLY,Consumer Discretionary 
12/15/21,197.8500,201.1700,195.2000,201.0700,9521136,XLY,Consumer Discretionary 
12/14/21,197.5000,199.1200,196.3500,198.5500,7686000,XLY,Consumer Discretionary 
12/13/21,203.8000,204.1400,199.1800,199.7100,7497827,XLY,Consumer Discretionary 
12/10/21,204.5500,205.0600,202.1000,204.9900,7186480,XLY,Consumer Discretionary 
12/9/21,206.3200,206.6400,203.5000,203.5700,5878756,XLY,Consumer Discretionary 
12/8/21,206.7900,207.5100,205.5400,207.1600,5994066,XLY,Consumer Discretionary 
12/7/21,205.2900,207.3000,204.7800,206.6400,6937789,XLY,Consumer Discretionary 
12/6/21,200.4500,203.7500,197.6600,201.9300,11663235,XLY,Consumer Discretionary 
12/3/21,204.3700,204.9700,197.6000,199.6500,14271618,XLY,Consumer Discretionary 
12/2/21,201.8300,204.5700,200.5700,203.6100,16643942,XLY,Consumer Discretionary 
12/1/21,206.7500,208.7500,200.6100,200.7500,12970499,XLY,Consumer Discretionary 
11/30/21,206.7700,208.0800,203.3500,204.4400,13217909,XLY,Consumer Discretionary 
11/29/21,206.7500,208.8900,206.2300,207.2400,8383754,XLY,Consumer Discretionary 
11/26/21,206.3200,207.0300,203.7300,204.0700,7664595,XLY,Consumer Discretionary 
11/24/21,207.1500,210.4300,206.0500,209.7900,8170624,XLY,Consumer Discretionary 
11/23/21,211.0800,212.2400,206.4900,209.3600,11481416,XLY,Consumer Discretionary 
11/22/21,212.7800,215.0600,210.0200,210.8900,9215599,XLY,Consumer Discretionary 
11/19/21,210.5100,211.9900,210.0800,211.4200,7494774,XLY,Consumer Discretionary 
11/18/21,209.2300,210.8600,208.1300,210.5100,7402103,XLY,Consumer Discretionary 
11/17/21,207.7100,209.4100,207.3100,208.1500,8273677,XLY,Consumer Discretionary 
11/16/21,203.8800,207.3000,203.8400,206.8300,5650554,XLY,Consumer Discretionary 
11/15/21,203.9400,204.3300,202.4500,203.6200,5306038,XLY,Consumer Discretionary 
11/12/21,203.1700,204.0500,201.8600,203.7900,5167534,XLY,Consumer Discretionary 
11/11/21,205.8300,205.8500,203.0200,203.1100,6206672,XLY,Consumer Discretionary 
11/10/21,203.0900,206.5300,201.0700,203.6600,11344810,XLY,Consumer Discretionary 
11/9/21,209.0200,209.2800,203.8300,204.4200,16551175,XLY,Consumer Discretionary 
11/8/21,209.0100,210.8200,208.1900,208.2700,5857743,XLY,Consumer Discretionary 
11/5/21,211.2400,212.7000,211.0600,211.2600,4815600,XLY,Consumer Discretionary 
11/4/21,208.1200,210.7200,207.8600,209.9100,5800106,XLY,Consumer Discretionary 
11/3/21,203.4100,207.2500,203.2200,207.1200,6408160,XLY,Consumer Discretionary 
11/2/21,203.0800,204.7000,202.4300,203.4600,6779623,XLY,Consumer Discretionary 
11/1/21,202.6300,204.8800,201.4200,204.8400,5617181,XLY,Consumer Discretionary 
10/29/21,198.3400,201.2600,197.7900,201.1500,4254187,XLY,Consumer Discretionary 
10/28/21,199.6600,201.2200,199.1000,200.6300,4500777,XLY,Consumer Discretionary 
10/27/21,198.4700,199.8700,197.9400,198.0000,4915522,XLY,Consumer Discretionary 
10/26/21,198.3900,201.6100,196.7800,197.5600,7515725,XLY,Consumer Discretionary 
10/25/21,194.4300,198.3700,193.6500,197.5300,5538566,XLY,Consumer Discretionary 
10/22/21,193.3200,193.8100,191.9000,192.7500,3688354,XLY,Consumer Discretionary 
10/21/21,190.3200,193.5500,190.3100,193.4400,3565138,XLY,Consumer Discretionary 
10/20/21,190.7800,191.4900,190.3100,190.6400,4803471,XLY,Consumer Discretionary 
10/19/21,191.7700,191.7700,190.5800,190.7800,2904405,XLY,Consumer Discretionary 
10/18/21,188.6100,191.4500,188.5700,191.3200,3933554,XLY,Consumer Discretionary 
10/15/21,187.3200,189.0900,187.0400,189.0100,4358788,XLY,Consumer Discretionary 
10/14/21,185.3000,186.4600,185.1000,186.1600,3757300,XLY,Consumer Discretionary 
10/13/21,183.8900,184.7300,182.7800,184.2300,5415987,XLY,Consumer Discretionary 
10/12/21,183.0000,184.0700,182.5000,183.3300,5141105,XLY,Consumer Discretionary 
10/11/21,182.5600,184.0000,181.8800,181.8900,3318544,XLY,Consumer Discretionary 
10/8/21,183.5400,183.7100,182.4600,182.6300,3699794,XLY,Consumer Discretionary 
10/7/21,182.2200,184.1600,182.0300,183.4700,3768898,XLY,Consumer Discretionary 
10/6/21,178.9700,180.8700,178.2400,180.6600,5136267,XLY,Consumer Discretionary 
10/5/21,179.9900,181.7500,179.5700,180.0900,5484317,XLY,Consumer Discretionary 
10/4/21,181.3500,181.8800,178.7600,179.3700,9247058,XLY,Consumer Discretionary 
10/1/21,180.3600,181.6500,178.5000,180.8000,7759894,XLY,Consumer Discretionary 
9/30/21,182.5200,182.6600,179.4500,179.4500,8248401,XLY,Consumer Discretionary 
9/29/21,182.9300,184.3200,182.0500,182.4900,6096109,XLY,Consumer Discretionary 
9/28/21,184.7900,185.0700,181.3300,182.3100,7470897,XLY,Consumer Discretionary 
9/27/21,184.1600,186.3900,184.0900,185.8900,4743961,XLY,Consumer Discretionary 
9/24/21,183.0300,185.0600,182.8100,184.9000,4016516,XLY,Consumer Discretionary 
9/23/21,183.1400,185.0000,183.1400,184.2100,4137596,XLY,Consumer Discretionary 
9/22/21,181.0300,183.2000,180.6200,182.3600,6183735,XLY,Consumer Discretionary 
9/21/21,180.7200,181.3700,179.3400,179.9100,6251847,XLY,Consumer Discretionary 
9/20/21,180.3500,181.2800,177.3800,179.6400,8095950,XLY,Consumer Discretionary 
9/17/21,184.5400,185.5900,183.6900,184.1100,7462549,XLY,Consumer Discretionary 
9/16/21,183.5400,185.2200,183.2000,184.7600,6085705,XLY,Consumer Discretionary 
9/15/21,182.3200,184.2200,180.9800,183.9200,5147309,XLY,Consumer Discretionary 
9/14/21,183.7000,183.9400,181.9800,182.7400,4231237,XLY,Consumer Discretionary 
9/13/21,183.7200,183.8700,181.5500,183.3500,5767325,XLY,Consumer Discretionary 
9/10/21,185.0100,185.1800,182.8200,182.9000,4813633,XLY,Consumer Discretionary 
9/9/21,184.4100,185.5600,183.9600,184.0300,4357399,XLY,Consumer Discretionary 
9/8/21,184.0100,184.7100,182.7600,184.2700,3692758,XLY,Consumer Discretionary 
9/7/21,183.6000,184.5000,183.5200,184.0600,4375270,XLY,Consumer Discretionary 
9/3/21,183.1500,183.5700,182.3600,183.5200,3444849,XLY,Consumer Discretionary 
9/2/21,184.1300,184.6900,183.3500,183.6300,3357643,XLY,Consumer Discretionary 
1/25/22,67.1200,67.9200,66.8000,67.1100,26109257,XLU,Utilities
1/24/22,68.7600,68.9800,66.4300,68.1800,28801130,XLU,Utilities
1/21/22,69.3100,69.6700,68.7000,68.8400,24271460,XLU,Utilities
1/20/22,69.0900,69.9700,68.8900,68.9700,14764809,XLU,Utilities
1/19/22,68.5900,69.4900,68.5700,68.8800,16025789,XLU,Utilities
1/18/22,68.8900,69.0100,68.0300,68.5700,17767514,XLU,Utilities
1/14/22,69.8800,70.0100,69.0500,69.4000,16273792,XLU,Utilities
1/13/22,69.5100,70.1500,69.4700,69.8800,16974483,XLU,Utilities
1/12/22,69.1000,69.7200,68.9000,69.5400,14056795,XLU,Utilities
1/11/22,69.8900,70.1500,68.8600,69.3200,16826875,XLU,Utilities
1/10/22,70.3500,70.4500,69.6100,69.9500,15585002,XLU,Utilities
1/7/22,69.7300,70.7500,69.3000,70.4100,19636027,XLU,Utilities
1/6/22,70.6100,70.9000,69.8000,69.8800,18129909,XLU,Utilities
1/5/22,70.6000,71.4100,70.5400,70.6100,22243223,XLU,Utilities
1/4/22,70.8700,71.5600,70.6300,70.6500,14661086,XLU,Utilities
1/3/22,71.5500,71.5700,70.0600,70.8700,21649843,XLU,Utilities
12/31/21,71.1800,71.8300,71.0400,71.5800,9309400,XLU,Utilities
12/30/21,71.2600,71.4000,70.8100,71.3300,9336214,XLU,Utilities
12/29/21,70.7700,71.1800,70.6500,71.0700,6877849,XLU,Utilities
12/28/21,70.1600,70.7100,70.1100,70.6900,8052724,XLU,Utilities
12/27/21,69.7500,70.0600,69.5400,70.0600,7853685,XLU,Utilities
12/23/21,69.7700,70.0800,69.6400,69.7200,7252838,XLU,Utilities
12/22/21,69.3200,69.8300,69.2200,69.7300,9483878,XLU,Utilities
12/21/21,69.7500,70.2000,69.0600,69.4300,16177936,XLU,Utilities
12/20/21,68.8000,69.6000,68.2300,69.5300,15045766,XLU,Utilities
12/17/21,70.8100,71.1600,69.8600,70.0100,21837076,XLU,Utilities
12/16/21,70.6500,71.5100,70.5900,71.0800,15104625,XLU,Utilities
12/15/21,69.5000,70.7800,69.5000,70.7200,22682461,XLU,Utilities
12/14/21,69.9900,70.1300,69.2500,69.5800,17502693,XLU,Utilities
12/13/21,69.0800,70.3400,69.0800,70.0000,13750147,XLU,Utilities
12/10/21,69.0600,69.4800,68.7900,69.1500,11702008,XLU,Utilities
12/9/21,69.0300,69.1700,68.3100,68.7800,11891860,XLU,Utilities
12/8/21,69.0000,69.3300,68.5000,68.8700,12997248,XLU,Utilities
12/7/21,68.4400,69.1100,68.2600,68.9400,10894513,XLU,Utilities
12/6/21,67.8400,69.1400,67.8100,68.4300,23610955,XLU,Utilities
12/3/21,67.0600,67.4200,66.0800,67.4000,21385733,XLU,Utilities
12/2/21,66.0500,67.3500,66.0500,66.7300,17525101,XLU,Utilities
12/1/21,66.2100,67.4800,65.8500,65.8900,23012358,XLU,Utilities
11/30/21,67.4300,67.4400,65.7100,65.7700,24311478,XLU,Utilities
11/29/21,67.2800,67.9400,66.7400,67.7500,11411138,XLU,Utilities
11/26/21,67.3400,67.7800,66.5900,66.7600,10927274,XLU,Utilities
11/24/21,67.7500,67.9600,67.4000,67.8200,7965786,XLU,Utilities
11/23/21,67.7000,68.1800,67.3700,67.7800,9520349,XLU,Utilities
11/22/21,67.2500,68.0700,67.0700,67.7100,11577006,XLU,Utilities
11/19/21,67.0100,67.4500,66.8300,67.3000,10303126,XLU,Utilities
11/18/21,67.1600,67.2900,66.6900,66.9200,7652841,XLU,Utilities
11/17/21,67.0500,67.3700,66.7100,67.2700,9500942,XLU,Utilities
11/16/21,67.5600,67.6900,67.1700,67.2100,6606697,XLU,Utilities
11/15/21,66.9400,67.5600,66.8000,67.5300,9501863,XLU,Utilities
11/12/21,66.6700,66.8300,66.3600,66.6500,9089539,XLU,Utilities
11/11/21,67.0600,67.0900,66.3400,66.6900,7873715,XLU,Utilities
11/10/21,66.6100,67.1600,66.5700,67.1000,12916571,XLU,Utilities
11/9/21,66.3400,66.7500,66.1300,66.5600,8244712,XLU,Utilities
11/8/21,67.3000,67.3100,65.9000,66.2200,9835117,XLU,Utilities
11/5/21,66.8100,67.5100,66.7400,67.2200,10792226,XLU,Utilities
11/4/21,66.8600,67.0000,65.9000,66.5900,16091550,XLU,Utilities
11/3/21,67.1000,67.3600,66.4200,66.9600,10484797,XLU,Utilities
11/2/21,67.4000,67.5300,66.7300,67.2100,9932623,XLU,Utilities
11/1/21,66.8900,67.3200,66.6800,67.1500,8091403,XLU,Utilities
10/29/21,67.2900,67.5700,66.5800,66.9100,13333570,XLU,Utilities
10/28/21,66.8100,67.3100,66.7300,67.3100,7721836,XLU,Utilities
10/27/21,67.4800,67.6500,66.8000,66.8700,11131983,XLU,Utilities
10/26/21,67.0200,67.8400,66.9100,67.3200,9695696,XLU,Utilities
10/25/21,67.1500,67.3700,66.8000,66.9600,7580258,XLU,Utilities
10/22/21,67.0900,67.3700,66.9400,67.2500,10699990,XLU,Utilities
10/21/21,66.9500,67.1800,66.8200,66.9100,8686365,XLU,Utilities
10/20/21,66.1400,67.1700,66.0700,66.9100,13899912,XLU,Utilities
10/19/21,65.5500,65.9600,65.3700,65.8700,10706827,XLU,Utilities
10/18/21,65.2400,65.4100,64.7000,65.0500,10351028,XLU,Utilities
10/15/21,65.9700,66.2000,65.5700,65.6800,14801270,XLU,Utilities
10/14/21,65.2900,66.0000,65.1300,65.8700,10699069,XLU,Utilities
10/13/21,64.3400,65.1200,64.0000,65.0700,13103679,XLU,Utilities
10/12/21,63.9800,64.5000,63.8100,64.3200,10498046,XLU,Utilities
10/11/21,64.5000,64.6300,63.8000,63.8900,12710055,XLU,Utilities
10/8/21,65.2400,65.3700,64.7200,64.7700,8898224,XLU,Utilities
10/7/21,65.7200,66.2400,65.1700,65.2500,13770128,XLU,Utilities
10/6/21,64.4000,65.6500,64.0200,65.6000,16576393,XLU,Utilities
10/5/21,64.8400,65.0700,64.5200,64.6000,13065220,XLU,Utilities
10/4/21,63.8100,64.9400,63.7800,64.7600,20201307,XLU,Utilities
10/1/21,64.2700,64.3900,63.6600,63.8800,14500638,XLU,Utilities
9/30/21,64.6300,64.6700,63.7900,63.8800,13572380,XLU,Utilities
9/29/21,63.7500,64.8400,63.5800,64.3900,15433849,XLU,Utilities
9/28/21,64.3100,64.4100,63.3700,63.5600,20235837,XLU,Utilities
9/27/21,65.0300,65.6900,64.2800,64.3700,10891686,XLU,Utilities
9/24/21,65.2000,65.6300,64.9800,65.1400,11830347,XLU,Utilities
9/23/21,65.5600,66.0500,65.1500,65.2100,9666588,XLU,Utilities
9/22/21,65.8400,66.0900,65.3100,65.5600,12394050,XLU,Utilities
9/21/21,65.9700,66.4200,65.5600,65.6000,13208782,XLU,Utilities
9/20/21,65.7600,66.3600,65.0600,65.7800,22839313,XLU,Utilities
9/17/21,67.3000,67.6600,66.3400,66.4000,12554274,XLU,Utilities
9/16/21,68.0000,68.2800,67.3400,67.4400,15732054,XLU,Utilities
9/15/21,68.0000,68.4500,67.6300,68.0100,9906403,XLU,Utilities
9/14/21,68.5500,68.7700,67.9300,68.1000,14051785,XLU,Utilities
9/13/21,69.0300,69.1100,68.1300,68.3300,13118235,XLU,Utilities
9/10/21,69.3700,69.4500,68.4300,68.4500,12327205,XLU,Utilities
9/9/21,69.5800,69.8300,69.3600,69.4200,8177517,XLU,Utilities
9/8/21,68.5300,69.9900,68.3700,69.8000,14588135,XLU,Utilities
9/7/21,69.4300,69.4400,68.4500,68.5700,13145232,XLU,Utilities
9/3/21,69.8600,69.9600,69.3200,69.4900,9472721,XLU,Utilities
9/2/21,69.5900,70.0700,69.5200,70.0700,10299702,XLU,Utilities
1/25/22,71.5400,72.2200,70.6200,71.2600,9180322,XLC,Communications
1/24/22,71.1000,72.8400,69.4800,72.7500,18812744,XLC,Communications
1/21/22,73.7800,74.1900,72.1900,72.2200,14330921,XLC,Communications
1/20/22,75.9400,76.8300,74.6700,74.7500,7335372,XLC,Communications
1/19/22,75.8500,76.6700,75.4500,75.5000,6647004,XLC,Communications
1/18/22,76.5000,76.6200,75.4700,75.6300,5902992,XLC,Communications
1/14/22,75.5400,76.6200,75.5300,76.5600,6608785,XLC,Communications
1/13/22,77.2000,77.3700,76.0800,76.2100,6354091,XLC,Communications
1/12/22,77.1900,77.4400,76.6300,77.0100,5666206,XLC,Communications
1/11/22,75.8900,76.9200,75.4900,76.9100,6813372,XLC,Communications
1/10/22,75.7100,75.9800,74.2300,75.9600,9446086,XLC,Communications
1/7/22,76.4300,76.9600,76.1500,76.4400,7882807,XLC,Communications
1/6/22,76.1300,77.3800,75.8900,76.4300,14641289,XLC,Communications
1/5/22,78.0600,78.4400,76.0700,76.0900,19325639,XLC,Communications
1/4/22,78.5300,78.7300,77.6200,78.0500,11729065,XLC,Communications
1/3/22,77.8600,78.5100,77.8000,78.2200,11984807,XLC,Communications
12/31/21,78.5700,78.8700,77.6600,77.6800,5689093,XLC,Communications
12/30/21,78.6300,79.1900,78.6100,78.7700,4483541,XLC,Communications
12/29/21,78.8700,79.0700,78.1900,78.4400,3775702,XLC,Communications
12/28/21,78.9600,79.5500,78.7200,78.8300,3214722,XLC,Communications
12/27/21,78.3500,79.0500,78.3400,78.8700,2667643,XLC,Communications
12/23/21,77.5200,78.3700,77.4800,78.1100,2383458,XLC,Communications
12/22/21,77.0600,77.6300,76.9000,77.4200,3266966,XLC,Communications
12/21/21,76.1500,77.3300,75.9800,77.2300,5198177,XLC,Communications
12/20/21,75.5600,75.8400,75.0800,75.7900,4487127,XLC,Communications
12/17/21,76.2900,77.0800,75.8200,76.4800,9932351,XLC,Communications
12/16/21,77.0800,77.6900,76.5500,76.7900,7365334,XLC,Communications
12/15/21,75.9200,76.9800,74.9100,76.9000,6693162,XLC,Communications
12/14/21,75.4300,76.2400,75.3300,76.1000,7010607,XLC,Communications
12/13/21,76.6100,76.9500,76.0600,76.3000,4980811,XLC,Communications
12/10/21,77.1300,77.2800,76.1200,76.7000,4255379,XLC,Communications
12/9/21,77.0500,77.5000,76.4800,76.6600,4065804,XLC,Communications
12/8/21,76.9200,77.4700,76.6400,77.2700,9484401,XLC,Communications
12/7/21,76.7300,77.0800,76.4800,76.7100,4549221,XLC,Communications
12/6/21,75.1200,76.1100,74.8300,75.9300,7739219,XLC,Communications
12/3/21,75.2300,75.3600,73.7300,74.7000,8986863,XLC,Communications
12/2/21,73.9100,75.1700,73.7600,74.8700,7579154,XLC,Communications
12/1/21,76.4500,76.6600,73.5900,73.6300,9392412,XLC,Communications
11/30/21,77.5300,77.5300,75.2800,75.3700,10423911,XLC,Communications
11/29/21,78.0500,78.2000,77.0900,77.8400,6518660,XLC,Communications
11/26/21,77.8600,77.8600,77.1100,77.1800,4963010,XLC,Communications
11/24/21,78.3000,78.7200,77.9000,78.6200,4243342,XLC,Communications
11/23/21,78.5700,78.9300,77.9500,78.5100,5081021,XLC,Communications
11/22/21,79.8000,80.0000,78.7100,78.7200,4517686,XLC,Communications
11/19/21,80.2900,80.4800,79.5700,79.6900,6857667,XLC,Communications
11/18/21,80.3500,80.3700,79.6300,79.9600,3335907,XLC,Communications
11/17/21,80.8400,81.0200,80.4400,80.5400,7330265,XLC,Communications
11/16/21,81.2900,81.4400,80.8000,80.8500,2383216,XLC,Communications
11/15/21,81.4600,81.9100,81.2500,81.4600,2319256,XLC,Communications
11/12/21,80.4600,81.3000,80.1600,81.2300,3240215,XLC,Communications
11/11/21,80.2300,80.5200,80.0200,80.0600,2046923,XLC,Communications
11/10/21,80.7300,81.0200,79.9100,80.2200,4074878,XLC,Communications
11/9/21,81.5200,81.6700,80.7500,81.1400,3921034,XLC,Communications
11/8/21,82.1100,82.1100,81.2600,81.3400,3171712,XLC,Communications
11/5/21,81.7600,82.3500,81.6100,81.7000,3237476,XLC,Communications
11/4/21,80.9800,81.4200,80.6800,81.0500,6281938,XLC,Communications
11/3/21,80.0000,80.7600,79.7600,80.7300,2834110,XLC,Communications
11/2/21,80.6400,80.7800,79.9700,80.4400,3982100,XLC,Communications
11/1/21,80.5800,81.0600,80.2000,80.4300,4124601,XLC,Communications
10/29/21,79.8700,80.4400,79.7600,80.3000,2845097,XLC,Communications
10/28/21,79.8500,80.5200,79.3500,80.0500,3589067,XLC,Communications
10/27/21,79.8900,80.6100,79.6900,79.7900,5845362,XLC,Communications
10/26/21,81.0700,81.1700,79.6300,80.0100,6559480,XLC,Communications
10/25/21,80.1400,80.7300,79.6900,80.7300,3225245,XLC,Communications
10/22/21,80.8800,81.2000,79.9800,80.3800,3130971,XLC,Communications
10/21/21,81.8500,82.1600,81.5600,82.1200,2681176,XLC,Communications
10/20/21,81.9100,82.1100,81.6000,81.8800,2934606,XLC,Communications
10/19/21,81.3600,81.7300,81.1600,81.7200,2460257,XLC,Communications
10/18/21,80.2200,80.9600,80.0600,80.9400,2975407,XLC,Communications
10/15/21,80.7800,80.8000,80.2000,80.3200,3100385,XLC,Communications
10/14/21,80.1300,80.6400,79.9600,80.5100,3614662,XLC,Communications
10/13/21,79.5200,79.6500,78.9000,79.3900,4693758,XLC,Communications
10/12/21,79.7700,79.8400,78.7400,79.0200,7990704,XLC,Communications
10/11/21,80.6400,80.9500,79.7300,79.7600,3590064,XLC,Communications
10/8/21,81.5300,81.6400,80.8800,80.9800,2732586,XLC,Communications
10/7/21,81.7200,82.1400,81.3200,81.3800,4263949,XLC,Communications
10/6/21,80.0800,81.0900,79.7300,81.0300,6600119,XLC,Communications
10/5/21,79.9800,81.3200,79.9100,80.8900,3316137,XLC,Communications
10/4/21,80.9000,80.9500,79.0800,79.7000,9449006,XLC,Communications
10/1/21,80.5300,81.8300,80.1700,81.4600,7308687,XLC,Communications
9/30/21,80.6100,80.9500,80.1000,80.1100,10771375,XLC,Communications
9/29/21,80.8200,81.2900,80.2500,80.3600,5467137,XLC,Communications
9/28/21,81.6100,81.8100,80.3100,80.4300,8982569,XLC,Communications
9/27/21,82.0100,82.6800,81.7600,82.4400,3459668,XLC,Communications
9/24/21,81.4100,82.6100,81.3000,82.4500,4402089,XLC,Communications
9/23/21,81.3100,82.1800,81.1700,81.7800,3989462,XLC,Communications
9/22/21,80.7400,81.3800,80.5900,80.9500,6815506,XLC,Communications
9/21/21,81.8800,82.1300,80.9300,80.9900,6469711,XLC,Communications
9/20/21,81.9200,82.0400,80.3100,81.3300,8942938,XLC,Communications
9/17/21,83.8400,84.0300,82.7800,83.1400,9970610,XLC,Communications
9/16/21,84.0400,84.3300,83.4700,84.0700,3856583,XLC,Communications
9/15/21,83.7200,84.3000,83.0200,84.1500,4996783,XLC,Communications
9/14/21,84.6900,84.7900,83.6000,83.7400,5467608,XLC,Communications
9/13/21,84.8200,84.8900,84.0500,84.4700,5291595,XLC,Communications
9/10/21,85.1300,85.2600,84.2200,84.2600,5103403,XLC,Communications
9/9/21,85.0800,85.3600,84.6700,84.8100,4114455,XLC,Communications
9/8/21,85.5200,85.7600,84.9500,85.2300,3808544,XLC,Communications
9/7/21,85.4700,85.8300,85.2700,85.6700,4117488,XLC,Communications
9/3/21,85.3400,85.6100,85.1100,85.4700,2798989,XLC,Communications
9/2/21,86.1200,86.2400,85.3200,85.4700,3229914,XLC,Communications
9/2/2021,453.32,454.05,451.91,453.19,42830867,SPY,S&P 500
9/3/2021,451.98,453.63,451.55,453.08,47234364,SPY,S&P 500
9/7/2021,452.71,452.81,450.74,451.46,51671534,SPY,S&P 500
9/8/2021,450.89,451.67,448.86,450.91,56181907,SPY,S&P 500
9/9/2021,450.70,452.57,448.72,448.98,57970407,SPY,S&P 500
9/10/2021,451.04,451.49,445.31,445.44,89948174,SPY,S&P 500
9/13/2021,448.64,448.92,444.11,446.58,83738649,SPY,S&P 500
9/14/2021,448.12,448.34,443.22,444.17,78197140,SPY,S&P 500
9/15/2021,444.62,448.41,443.44,447.88,78792222,SPY,S&P 500
9/16/2021,447.32,448.36,444.02,447.17,77786735,SPY,S&P 500
9/17/2021,444.92,445.37,441.02,441.40,118425037,SPY,S&P 500
9/20/2021,434.88,436.56,428.86,434.04,166445534,SPY,S&P 500
9/21/2021,436.53,437.91,433.07,433.63,92526112,SPY,S&P 500
9/22/2021,436.05,440.03,433.75,437.86,102350143,SPY,S&P 500
9/23/2021,439.85,444.89,439.60,443.18,76395981,SPY,S&P 500
9/24/2021,441.44,444.67,441.21,443.91,62094837,SPY,S&P 500
9/27/2021,442.81,444.05,441.90,442.64,61371108,SPY,S&P 500
9/28/2021,439.69,440.04,432.94,433.72,130436306,SPY,S&P 500
9/29/2021,435.19,437.04,433.85,434.45,82329213,SPY,S&P 500
9/30/2021,436.02,436.77,428.78,429.14,140505979,SPY,S&P 500
10/1/2021,430.98,436.03,427.23,434.24,129240106,SPY,S&P 500
10/4/2021,433.00,433.96,426.36,428.64,128569957,SPY,S&P 500
10/5/2021,430.24,435.49,429.39,433.10,90682520,SPY,S&P 500
10/6/2021,429.27,435.12,427.54,434.90,113032245,SPY,S&P 500
10/7/2021,438.39,441.68,438.20,438.66,72437499,SPY,S&P 500
10/8/2021,439.48,439.89,437.19,437.86,74557404,SPY,S&P 500
10/11/2021,437.16,440.26,434.62,434.69,65233285,SPY,S&P 500
10/12/2021,435.67,436.10,432.78,433.62,71181163,SPY,S&P 500
10/13/2021,434.71,436.05,431.54,435.18,72973979,SPY,S&P 500
10/14/2021,439.08,442.66,438.58,442.50,70236825,SPY,S&P 500
10/15/2021,444.75,446.26,444.09,445.87,66260210,SPY,S&P 500
10/18/2021,443.97,447.55,443.27,447.19,62213228,SPY,S&P 500
10/19/2021,448.92,450.71,448.27,450.64,46996827,SPY,S&P 500
10/20/2021,451.13,452.73,451.01,452.41,49571569,SPY,S&P 500
10/21/2021,451.77,453.83,451.31,453.59,41305438,SPY,S&P 500
10/22/2021,453.13,454.67,451.05,453.12,58845088,SPY,S&P 500
10/25/2021,454.28,455.90,452.39,455.55,45214507,SPY,S&P 500
10/26/2021,457.20,458.49,455.56,455.96,56075116,SPY,S&P 500
10/27/2021,456.45,457.16,453.86,453.94,72437997,SPY,S&P 500
10/28/2021,455.46,458.40,455.45,458.32,51437944,SPY,S&P 500
10/29/2021,455.87,459.56,455.56,459.25,70162424,SPY,S&P 500
11/1/2021,460.30,460.70,458.20,460.04,48433642,SPY,S&P 500
11/2/2021,460.22,462.23,460.08,461.90,48908417,SPY,S&P 500
11/3/2021,461.30,465.15,460.83,464.72,52509825,SPY,S&P 500
11/4/2021,465.36,467.00,464.99,466.91,52847087,SPY,S&P 500
11/5/2021,469.28,470.65,466.92,468.53,66390563,SPY,S&P 500
11/8/2021,469.70,470.23,468.20,468.93,50405194,SPY,S&P 500
11/9/2021,469.32,469.57,465.88,467.38,51149147,SPY,S&P 500
11/10/2021,465.58,467.38,462.04,463.62,69429653,SPY,S&P 500
11/11/2021,465.21,465.29,463.75,463.77,34848495,SPY,S&P 500
11/12/2021,465.12,467.86,464.11,467.27,53466654,SPY,S&P 500
11/15/2021,468.64,468.81,466.23,467.43,46980500,SPY,S&P 500
11/16/2021,467.15,470.49,467.07,469.28,48857502,SPY,S&P 500
11/17/2021,469.00,469.19,467.48,468.14,47858289,SPY,S&P 500
11/18/2021,469.24,470.01,466.34,469.73,50625607,SPY,S&P 500
11/19/2021,469.61,470.94,468.50,468.89,57315573,SPY,S&P 500
11/22/2021,470.89,473.54,467.35,467.57,72761954,SPY,S&P 500
11/23/2021,467.22,469.10,464.45,468.19,73206538,SPY,S&P 500
11/24/2021,466.06,469.57,465.19,469.44,61858813,SPY,S&P 500
11/26/2021,462.34,463.90,457.77,458.97,112669636,SPY,S&P 500
11/29/2021,464.07,466.56,461.73,464.60,86268818,SPY,S&P 500
11/30/2021,462.00,464.03,455.30,455.56,148559598,SPY,S&P 500
12/1/2021,461.64,464.67,450.29,450.50,132485835,SPY,S&P 500
12/2/2021,450.73,459.07,450.31,457.40,127637758,SPY,S&P 500
12/3/2021,459.17,460.30,448.92,453.42,137331647,SPY,S&P 500
12/6/2021,456.13,460.79,453.56,458.79,98977532,SPY,S&P 500
12/7/2021,464.41,468.88,458.65,468.28,95484688,SPY,S&P 500
12/8/2021,468.70,470.00,466.83,469.52,72238777,SPY,S&P 500
12/9/2021,468.15,469.63,466.14,466.35,61272568,SPY,S&P 500
12/10/2021,469.23,470.90,466.51,470.74,77159757,SPY,S&P 500
12/13/2021,470.19,470.56,466.27,466.57,87724680,SPY,S&P 500
12/14/2021,463.09,465.74,460.25,463.36,97264128,SPY,S&P 500
12/15/2021,463.42,470.86,460.74,470.60,116899251,SPY,S&P 500
12/16/2021,472.57,472.87,464.80,466.45,116568626,SPY,S&P 500
12/17/2021,461.55,464.74,458.06,459.87,135636510,SPY,S&P 500
12/20/2021,454.48,455.40,451.14,454.98,107134822,SPY,S&P 500
12/21/2021,458.61,463.21,456.31,463.06,69806260,SPY,S&P 500
12/22/2021,462.79,467.81,462.58,467.69,58890223,SPY,S&P 500
12/23/2021,468.75,472.19,468.64,470.60,56439745,SPY,S&P 500
12/27/2021,472.06,477.31,472.01,477.26,56808619,SPY,S&P 500
12/28/2021,477.72,478.81,476.06,476.87,47274585,SPY,S&P 500
12/29/2021,476.98,478.56,475.92,477.48,54502964,SPY,S&P 500
12/30/2021,477.93,479.00,475.67,476.16,55329041,SPY,S&P 500
12/31/2021,475.64,476.86,474.67,474.96,65237431,SPY,S&P 500
1/3/2022,476.30,477.85,473.85,477.71,72668233,SPY,S&P 500
1/4/2022,479.22,479.98,475.58,477.55,71178678,SPY,S&P 500
1/5/2022,477.16,477.98,468.28,468.38,104538940,SPY,S&P 500
1/6/2022,467.89,470.82,465.43,467.94,86858900,SPY,S&P 500
1/7/2022,467.95,469.20,464.65,466.09,85111593,SPY,S&P 500
1/10/2022,462.70,465.74,456.60,465.51,119361989,SPY,S&P 500
1/11/2022,465.23,469.85,462.05,469.75,74303062,SPY,S&P 500
1/12/2022,471.59,473.20,468.94,471.02,67605444,SPY,S&P 500
1/13/2022,472.19,472.88,463.44,464.53,91173121,SPY,S&P 500
1/14/2022,461.19,465.09,459.90,464.72,95890948,SPY,S&P 500
1/18/2022,459.74,459.96,455.31,456.49,109872376,SPY,S&P 500
1/19/2022,458.13,459.61,451.46,451.75,109357569,SPY,S&P 500
1/20/2022,453.75,458.74,444.50,446.75,122379696,SPY,S&P 500
1/21/2022,445.56,448.06,437.95,437.98,202271241,SPY,S&P 500
1/24/2022,432.03,440.38,420.76,439.84,252496719,SPY,S&P 500
1/25/2022,433.06,439.72,427.15,434.47,167997325,SPY,S&P 500